video_id,RallyId,StartTimestamp,RallyEndTimestamp,ShotTypes,Player1Won,ShotSeq,LabelSeq,ConfidenceSeq,attack_ratio,defense_ratio,neutral_ratio,terminal_ratio,rally_length,non_terminal_length,rally_duration_sec,attack_count,defense_count,neutral_count,terminal_count,attack_streak_max,defense_to_attack_transitions,neutral_to_attack_transitions,early_attack,last_tactical_attack,dominant_tactic,strategy_cluster,sequence_model_probability,strategy_cluster_name
5,5_1,44.84,51.78,"Serve, Lift, Drop, Lift, Net",0.0,"['Serve', 'Lift', 'Drop', 'Lift', 'Net']","['Neutral', 'Defense', 'Neutral', 'Defense', 'Neutral']","[{'Attack': 0.15, 'Defense': 0.0, 'Neutral': 0.85, 'Terminal': 0.0}, {'Attack': 0.0, 'Defense': 0.85, 'Neutral': 0.15, 'Terminal': 0.0}, {'Attack': 0.2, 'Defense': 0.1, 'Neutral': 0.7, 'Terminal': 0.0}, {'Attack': 0.0, 'Defense': 0.85, 'Neutral': 0.15, 'Terminal': 0.0}, {'Attack': 0.15, 'Defense': 0.05, 'Neutral': 0.8, 'Terminal': 0.0}]",0.0,0.4,0.6,0.0,5,5,6.94,0,2,3,0,0,0,0,0,0,Neutral,2,0.4955,Balanced
5,5_2,61.66,97.46,"Lift, Drive, Drive, Clear, Drop, Lift, Drop, Clear, Drive, Lift, Clear, Lift, Drive, Lift, Drive, Fall",0.0,"['Lift', 'Drive', 'Drive', 'Clear', 'Drop', 'Lift', 'Drop', 'Clear', 'Drive', 'Lift', 'Clear', 'Lift', 'Drive', 'Lift', 'Drive', 'Fall']","['Defense', 'Attack', 'Attack', 'Defense', 'Neutral', 'Defense', 'Neutral', 'Defense', 'Attack', 'Defense', 'Defense', 'Defense', 'Attack', 'Defense', 'Attack', 'Terminal']","[{'Attack': 0.0, 'Defense': 0.85, 'Neutral': 0.15, 'Terminal': 0.0}, {'Attack': 0.65, 'Defense': 0.1, 'Neutral': 0.25, 'Terminal': 0.0}, {'Attack': 0.65, 'Defense': 0.1, 'Neutral': 0.25, 'Terminal': 0.0}, {'Attack': 0.05, 'Defense': 0.75, 'Neutral': 0.2, 'Terminal': 0.0}, {'Attack': 0.2, 'Defense': 0.1, 'Neutral': 0.7, 'Terminal': 0.0}, {'Attack': 0.0, 'Defense': 0.85, 'Neutral': 0.15, 'Terminal': 0.0}, {'Attack': 0.2, 'Defense': 0.1, 'Neutral': 0.7, 'Terminal': 0.0}, {'Attack': 0.05, 'Defense': 0.75, 'Neutral': 0.2, 'Terminal': 0.0}, {'Attack': 0.65, 'Defense': 0.1, 'Neutral': 0.25, 'Terminal': 0.0}, {'Attack': 0.0, 'Defense': 0.85, 'Neutral': 0.15, 'Terminal': 0.0}, {'Attack': 0.05, 'Defense': 0.75, 'Neutral': 0.2, 'Terminal': 0.0}, {'Attack': 0.0, 'Defense': 0.85, 'Neutral': 0.15, 'Terminal': 0.0}, {'Attack': 0.65, 'Defense': 0.1, 'Neutral': 0.25, 'Terminal': 0.0}, {'Attack': 0.0, 'Defense': 0.85, 'Neutral': 0.15, 'Terminal': 0.0}, {'Attack': 0.65, 'Defense': 0.1, 'Neutral': 0.25, 'Terminal': 0.0}, {'Attack': 0.0, 'Defense': 0.0, 'Neutral': 0.0, 'Terminal': 1.0}]",0.3125,0.5,0.125,0.0625,16,15,35.8,5,8,2,1,2,4,0,1,1,Defense,2,0.5015,Balanced
5,5_3,106.56,110.18,"Drive, Lift, Miss",0.0,"['Drive', 'Lift', 'Miss']","['Attack', 'Defense', 'Terminal']","[{'Attack': 0.65, 'Defense': 0.1, 'Neutral': 0.25, 'Terminal': 0.0}, {'Attack': 0.0, 'Defense': 0.85, 'Neutral': 0.15, 'Terminal': 0.0}, {'Attack': 0.0, 'Defense': 0.0, 'Neutral': 0.0, 'Terminal': 1.0}]",0.3333,0.3333,0.0,0.3333,3,2,3.62,1,1,0,1,1,0,0,1,0,Attack,1,0.4986,Defensive
5,5_4,121.24,130.86,"Serve, Lift, Lift, Lift, Lift, Drop, Net",0.0,"['Serve', 'Lift', 'Lift', 'Lift', 'Lift', 'Drop', 'Net']","['Neutral', 'Defense', 'Defense', 'Defense', 'Defense', 'Neutral', 'Neutral']","[{'Attack': 0.15, 'Defense': 0.0, 'Neutral': 0.85, 'Terminal': 0.0}, {'Attack': 0.0, 'Defense': 0.85, 'Neutral': 0.15, 'Terminal': 0.0}, {'Attack': 0.0, 'Defense': 0.85, 'Neutral': 0.15, 'Terminal': 0.0}, {'Attack': 0.0, 'Defense': 0.85, 'Neutral': 0.15, 'Terminal': 0.0}, {'Attack': 0.0, 'Defense': 0.85, 'Neutral': 0.15, 'Terminal': 0.0}, {'Attack': 0.2, 'Defense': 0.1, 'Neutral': 0.7, 'Terminal': 0.0}, {'Attack': 0.15, 'Defense': 0.05, 'Neutral': 0.8, 'Terminal': 0.0}]",0.0,0.5714,0.4286,0.0,7,7,9.62,0,4,3,0,0,0,0,0,0,Defense,2,0.4964,Balanced
5,5_5,143.2,184.34,"Drop, Drive, Lift, Lift, Drive, Smash, Lift, Drop, Clear, Drive, Drop, Lift, Drive, Fall",0.0,"['Drop', 'Drive', 'Lift', 'Lift', 'Drive', 'Smash', 'Lift', 'Drop', 'Clear', 'Drive', 'Drop', 'Lift', 'Drive', 'Fall']","['Neutral', 'Attack', 'Defense', 'Defense', 'Attack', 'Attack', 'Defense', 'Neutral', 'Defense', 'Attack', 'Neutral', 'Defense', 'Attack', 'Terminal']","[{'Attack': 0.2, 'Defense': 0.1, 'Neutral': 0.7, 'Terminal': 0.0}, {'Attack': 0.65, 'Defense': 0.1, 'Neutral': 0.25, 'Terminal': 0.0}, {'Attack': 0.0, 'Defense': 0.85, 'Neutral': 0.15, 'Terminal': 0.0}, {'Attack': 0.0, 'Defense': 0.85, 'Neutral': 0.15, 'Terminal': 0.0}, {'Attack': 0.65, 'Defense': 0.1, 'Neutral': 0.25, 'Terminal': 0.0}, {'Attack': 0.9, 'Defense': 0.0, 'Neutral': 0.1, 'Terminal': 0.0}, {'Attack': 0.0, 'Defense': 0.85, 'Neutral': 0.15, 'Terminal': 0.0}, {'Attack': 0.2, 'Defense': 0.1, 'Neutral': 0.7, 'Terminal': 0.0}, {'Attack': 0.05, 'Defense': 0.75, 'Neutral': 0.2, 'Terminal': 0.0}, {'Attack': 0.65, 'Defense': 0.1, 'Neutral': 0.25, 'Terminal': 0.0}, {'Attack': 0.2, 'Defense': 0.1, 'Neutral': 0.7, 'Terminal': 0.0}, {'Attack': 0.0, 'Defense': 0.85, 'Neutral': 0.15, 'Terminal': 0.0}, {'Attack': 0.65, 'Defense': 0.1, 'Neutral': 0.25, 'Terminal': 0.0}, {'Attack': 0.0, 'Defense': 0.0, 'Neutral': 0.0, 'Terminal': 1.0}]",0.3571,0.3571,0.2143,0.0714,14,13,41.14,5,5,3,1,2,3,1,1,1,Attack,0,0.5007,Aggressive
5,5_6,194.2,202.04,"Serve, Lift, Clear, Lift, Fall",0.0,"['Serve', 'Lift', 'Clear', 'Lift', 'Fall']","['Neutral', 'Defense', 'Defense', 'Defense', 'Terminal']","[{'Attack': 0.15, 'Defense': 0.0, 'Neutral': 0.85, 'Terminal': 0.0}, {'Attack': 0.0, 'Defense': 0.85, 'Neutral': 0.15, 'Terminal': 0.0}, {'Attack': 0.05, 'Defense': 0.75, 'Neutral': 0.2, 'Terminal': 0.0}, {'Attack': 0.0, 'Defense': 0.85, 'Neutral': 0.15, 'Terminal': 0.0}, {'Attack': 0.0, 'Defense': 0.0, 'Neutral': 0.0, 'Terminal': 1.0}]",0.0,0.6,0.2,0.2,5,4,7.84,0,3,1,1,0,0,0,0,0,Defense,2,0.498,Balanced
5,5_7,213.04,218.76,"Serve, Drive, Lift, Miss",0.0,"['Serve', 'Drive', 'Lift', 'Miss']","['Neutral', 'Attack', 'Defense', 'Terminal']","[{'Attack': 0.15, 'Defense': 0.0, 'Neutral': 0.85, 'Terminal': 0.0}, {'Attack': 0.65, 'Defense': 0.1, 'Neutral': 0.25, 'Terminal': 0.0}, {'Attack': 0.0, 'Defense': 0.85, 'Neutral': 0.15, 'Terminal': 0.0}, {'Attack': 0.0, 'Defense': 0.0, 'Neutral': 0.0, 'Terminal': 1.0}]",0.25,0.25,0.25,0.25,4,3,5.72,1,1,1,1,1,0,1,1,0,Attack,2,0.4951,Balanced
5,5_8,223.56,229.94,"Lift, Drive, Drop, Drive, Miss",0.0,"['Lift', 'Drive', 'Drop', 'Drive', 'Miss']","['Defense', 'Attack', 'Neutral', 'Attack', 'Terminal']","[{'Attack': 0.0, 'Defense': 0.85, 'Neutral': 0.15, 'Terminal': 0.0}, {'Attack': 0.65, 'Defense': 0.1, 'Neutral': 0.25, 'Terminal': 0.0}, {'Attack': 0.2, 'Defense': 0.1, 'Neutral': 0.7, 'Terminal': 0.0}, {'Attack': 0.65, 'Defense': 0.1, 'Neutral': 0.25, 'Terminal': 0.0}, {'Attack': 0.0, 'Defense': 0.0, 'Neutral': 0.0, 'Terminal': 1.0}]",0.4,0.2,0.2,0.2,5,4,6.38,2,1,1,1,1,1,1,1,1,Attack,2,0.4976,Balanced
5,5_9,242.94,363.46,"Smash, Drop, Drive, Lift, Drop, Drive, Drop, Clear, Drop, Drop, Lift, Drive, Drive, Drive, Lift, Smash, Lift, Drop, Lift, Smash, Smash, Drop, Lift, Drive, Smash, Serve, Lift, Drop, Smash, Drive, Lift, Drive, Drive, Lift, Smash, Miss",1.0,"['Smash', 'Drop', 'Drive', 'Lift', 'Drop', 'Drive', 'Drop', 'Clear', 'Drop', 'Drop', 'Lift', 'Drive', 'Drive', 'Drive', 'Lift', 'Smash', 'Lift', 'Drop', 'Lift', 'Smash', 'Smash', 'Drop', 'Lift', 'Drive', 'Smash', 'Serve', 'Lift', 'Drop', 'Smash', 'Drive', 'Lift', 'Drive', 'Drive', 'Lift', 'Smash', 'Miss']","['Attack', 'Neutral', 'Attack', 'Defense', 'Neutral', 'Attack', 'Neutral', 'Defense', 'Neutral', 'Neutral', 'Defense', 'Attack', 'Attack', 'Attack', 'Defense', 'Attack', 'Defense', 'Neutral', 'Defense', 'Attack', 'Attack', 'Neutral', 'Defense', 'Attack', 'Attack', 'Neutral', 'Defense', 'Neutral', 'Attack', 'Attack', 'Defense', 'Attack', 'Attack', 'Defense', 'Attack', 'Terminal']","[{'Attack': 0.9, 'Defense': 0.0, 'Neutral': 0.1, 'Terminal': 0.0}, {'Attack': 0.2, 'Defense': 0.1, 'Neutral': 0.7, 'Terminal': 0.0}, {'Attack': 0.65, 'Defense': 0.1, 'Neutral': 0.25, 'Terminal': 0.0}, {'Attack': 0.0, 'Defense': 0.85, 'Neutral': 0.15, 'Terminal': 0.0}, {'Attack': 0.2, 'Defense': 0.1, 'Neutral': 0.7, 'Terminal': 0.0}, {'Attack': 0.65, 'Defense': 0.1, 'Neutral': 0.25, 'Terminal': 0.0}, {'Attack': 0.2, 'Defense': 0.1, 'Neutral': 0.7, 'Terminal': 0.0}, {'Attack': 0.05, 'Defense': 0.75, 'Neutral': 0.2, 'Terminal': 0.0}, {'Attack': 0.2, 'Defense': 0.1, 'Neutral': 0.7, 'Terminal': 0.0}, {'Attack': 0.2, 'Defense': 0.1, 'Neutral': 0.7, 'Terminal': 0.0}, {'Attack': 0.0, 'Defense': 0.85, 'Neutral': 0.15, 'Terminal': 0.0}, {'Attack': 0.65, 'Defense': 0.1, 'Neutral': 0.25, 'Terminal': 0.0}, {'Attack': 0.65, 'Defense': 0.1, 'Neutral': 0.25, 'Terminal': 0.0}, {'Attack': 0.65, 'Defense': 0.1, 'Neutral': 0.25, 'Terminal': 0.0}, {'Attack': 0.0, 'Defense': 0.85, 'Neutral': 0.15, 'Terminal': 0.0}, {'Attack': 0.9, 'Defense': 0.0, 'Neutral': 0.1, 'Terminal': 0.0}, {'Attack': 0.0, 'Defense': 0.85, 'Neutral': 0.15, 'Terminal': 0.0}, {'Attack': 0.2, 'Defense': 0.1, 'Neutral': 0.7, 'Terminal': 0.0}, {'Attack': 0.0, 'Defense': 0.85, 'Neutral': 0.15, 'Terminal': 0.0}, {'Attack': 0.9, 'Defense': 0.0, 'Neutral': 0.1, 'Terminal': 0.0}, {'Attack': 0.9, 'Defense': 0.0, 'Neutral': 0.1, 'Terminal': 0.0}, {'Attack': 0.2, 'Defense': 0.1, 'Neutral': 0.7, 'Terminal': 0.0}, {'Attack': 0.0, 'Defense': 0.85, 'Neutral': 0.15, 'Terminal': 0.0}, {'Attack': 0.65, 'Defense': 0.1, 'Neutral': 0.25, 'Terminal': 0.0}, {'Attack': 0.9, 'Defense': 0.0, 'Neutral': 0.1, 'Terminal': 0.0}, {'Attack': 0.15, 'Defense': 0.0, 'Neutral': 0.85, 'Terminal': 0.0}, {'Attack': 0.0, 'Defense': 0.85, 'Neutral': 0.15, 'Terminal': 0.0}, {'Attack': 0.2, 'Defense': 0.1, 'Neutral': 0.7, 'Terminal': 0.0}, {'Attack': 0.9, 'Defense': 0.0, 'Neutral': 0.1, 'Terminal': 0.0}, {'Attack': 0.65, 'Defense': 0.1, 'Neutral': 0.25, 'Terminal': 0.0}, {'Attack': 0.0, 'Defense': 0.85, 'Neutral': 0.15, 'Terminal': 0.0}, {'Attack': 0.65, 'Defense': 0.1, 'Neutral': 0.25, 'Terminal': 0.0}, {'Attack': 0.65, 'Defense': 0.1, 'Neutral': 0.25, 'Terminal': 0.0}, {'Attack': 0.0, 'Defense': 0.85, 'Neutral': 0.15, 'Terminal': 0.0}, {'Attack': 0.9, 'Defense': 0.0, 'Neutral': 0.1, 'Terminal': 0.0}, {'Attack': 0.0, 'Defense': 0.0, 'Neutral': 0.0, 'Terminal': 1.0}]",0.4444,0.2778,0.25,0.0278,36,35,120.52,16,10,9,1,3,6,3,1,1,Attack,0,0.5031,Aggressive
6,6_1,3.0,134.14,"Serve, Lift, Drop, Drive, Lift, Drive, Smash, Drop, Clear, Smash, Serve, Clear, Drop, Lift, Drop, Drive, Drop, Lift, Drop, Drive, Drive, Lift, Drop, Drop, Lift, Drop, Drop, Lift, Drive, Drop, Clear, Drop, Cross Drop, Drop, Smash, Drive, Drive, Drop, Smash, Lift, Clear, Cross Drop, Smash, Drop, Drop, Smash, Serve, Lift, Clear, Drop, Lift, Drive, Lift, Cross Drop, Drop, Lift, Drop, Lift, Clear, Drop, Fall",1.0,"['Serve', 'Lift', 'Drop', 'Drive', 'Lift', 'Drive', 'Smash', 'Drop', 'Clear', 'Smash', 'Serve', 'Clear', 'Drop', 'Lift', 'Drop', 'Drive', 'Drop', 'Lift', 'Drop', 'Drive', 'Drive', 'Lift', 'Drop', 'Drop', 'Lift', 'Drop', 'Drop', 'Lift', 'Drive', 'Drop', 'Clear', 'Drop', 'Cross Drop', 'Drop', 'Smash', 'Drive', 'Drive', 'Drop', 'Smash', 'Lift', 'Clear', 'Cross Drop', 'Smash', 'Drop', 'Drop', 'Smash', 'Serve', 'Lift', 'Clear', 'Drop', 'Lift', 'Drive', 'Lift', 'Cross Drop', 'Drop', 'Lift', 'Drop', 'Lift', 'Clear', 'Drop', 'Fall']","['Neutral', 'Defense', 'Neutral', 'Attack', 'Defense', 'Attack', 'Attack', 'Neutral', 'Defense', 'Attack', 'Neutral', 'Defense', 'Neutral', 'Defense', 'Neutral', 'Attack', 'Neutral', 'Defense', 'Neutral', 'Attack', 'Attack', 'Defense', 'Neutral', 'Neutral', 'Defense', 'Neutral', 'Neutral', 'Defense', 'Attack', 'Neutral', 'Defense', 'Neutral', 'Neutral', 'Neutral', 'Attack', 'Attack', 'Attack', 'Neutral', 'Attack', 'Defense', 'Defense', 'Neutral', 'Attack', 'Neutral', 'Neutral', 'Attack', 'Neutral', 'Defense', 'Defense', 'Neutral', 'Defense', 'Attack', 'Defense', 'Neutral', 'Neutral', 'Defense', 'Neutral', 'Defense', 'Defense', 'Neutral', 'Terminal']","[{'Attack': 0.15, 'Defense': 0.0, 'Neutral': 0.85, 'Terminal': 0.0}, {'Attack': 0.0, 'Defense': 0.85, 'Neutral': 0.15, 'Terminal': 0.0}, {'Attack': 0.2, 'Defense': 0.1, 'Neutral': 0.7, 'Terminal': 0.0}, {'Attack': 0.65, 'Defense': 0.1, 'Neutral': 0.25, 'Terminal': 0.0}, {'Attack': 0.0, 'Defense': 0.85, 'Neutral': 0.15, 'Terminal': 0.0}, {'Attack': 0.65, 'Defense': 0.1, 'Neutral': 0.25, 'Terminal': 0.0}, {'Attack': 0.9, 'Defense': 0.0, 'Neutral': 0.1, 'Terminal': 0.0}, {'Attack': 0.2, 'Defense': 0.1, 'Neutral': 0.7, 'Terminal': 0.0}, {'Attack': 0.05, 'Defense': 0.75, 'Neutral': 0.2, 'Terminal': 0.0}, {'Attack': 0.9, 'Defense': 0.0, 'Neutral': 0.1, 'Terminal': 0.0}, {'Attack': 0.15, 'Defense': 0.0, 'Neutral': 0.85, 'Terminal': 0.0}, {'Attack': 0.05, 'Defense': 0.75, 'Neutral': 0.2, 'Terminal': 0.0}, {'Attack': 0.2, 'Defense': 0.1, 'Neutral': 0.7, 'Terminal': 0.0}, {'Attack': 0.0, 'Defense': 0.85, 'Neutral': 0.15, 'Terminal': 0.0}, {'Attack': 0.2, 'Defense': 0.1, 'Neutral': 0.7, 'Terminal': 0.0}, {'Attack': 0.65, 'Defense': 0.1, 'Neutral': 0.25, 'Terminal': 0.0}, {'Attack': 0.2, 'Defense': 0.1, 'Neutral': 0.7, 'Terminal': 0.0}, {'Attack': 0.0, 'Defense': 0.85, 'Neutral': 0.15, 'Terminal': 0.0}, {'Attack': 0.2, 'Defense': 0.1, 'Neutral': 0.7, 'Terminal': 0.0}, {'Attack': 0.65, 'Defense': 0.1, 'Neutral': 0.25, 'Terminal': 0.0}, {'Attack': 0.65, 'Defense': 0.1, 'Neutral': 0.25, 'Terminal': 0.0}, {'Attack': 0.0, 'Defense': 0.85, 'Neutral': 0.15, 'Terminal': 0.0}, {'Attack': 0.2, 'Defense': 0.1, 'Neutral': 0.7, 'Terminal': 0.0}, {'Attack': 0.2, 'Defense': 0.1, 'Neutral': 0.7, 'Terminal': 0.0}, {'Attack': 0.0, 'Defense': 0.85, 'Neutral': 0.15, 'Terminal': 0.0}, {'Attack': 0.2, 'Defense': 0.1, 'Neutral': 0.7, 'Terminal': 0.0}, {'Attack': 0.2, 'Defense': 0.1, 'Neutral': 0.7, 'Terminal': 0.0}, {'Attack': 0.0, 'Defense': 0.85, 'Neutral': 0.15, 'Terminal': 0.0}, {'Attack': 0.65, 'Defense': 0.1, 'Neutral': 0.25, 'Terminal': 0.0}, {'Attack': 0.2, 'Defense': 0.1, 'Neutral': 0.7, 'Terminal': 0.0}, {'Attack': 0.05, 'Defense': 0.75, 'Neutral': 0.2, 'Terminal': 0.0}, {'Attack': 0.2, 'Defense': 0.1, 'Neutral': 0.7, 'Terminal': 0.0}, {'Attack': 0.3, 'Defense': 0.05, 'Neutral': 0.65, 'Terminal': 0.0}, {'Attack': 0.2, 'Defense': 0.1, 'Neutral': 0.7, 'Terminal': 0.0}, {'Attack': 0.9, 'Defense': 0.0, 'Neutral': 0.1, 'Terminal': 0.0}, {'Attack': 0.65, 'Defense': 0.1, 'Neutral': 0.25, 'Terminal': 0.0}, {'Attack': 0.65, 'Defense': 0.1, 'Neutral': 0.25, 'Terminal': 0.0}, {'Attack': 0.2, 'Defense': 0.1, 'Neutral': 0.7, 'Terminal': 0.0}, {'Attack': 0.9, 'Defense': 0.0, 'Neutral': 0.1, 'Terminal': 0.0}, {'Attack': 0.0, 'Defense': 0.85, 'Neutral': 0.15, 'Terminal': 0.0}, {'Attack': 0.05, 'Defense': 0.75, 'Neutral': 0.2, 'Terminal': 0.0}, {'Attack': 0.3, 'Defense': 0.05, 'Neutral': 0.65, 'Terminal': 0.0}, {'Attack': 0.9, 'Defense': 0.0, 'Neutral': 0.1, 'Terminal': 0.0}, {'Attack': 0.2, 'Defense': 0.1, 'Neutral': 0.7, 'Terminal': 0.0}, {'Attack': 0.2, 'Defense': 0.1, 'Neutral': 0.7, 'Terminal': 0.0}, {'Attack': 0.9, 'Defense': 0.0, 'Neutral': 0.1, 'Terminal': 0.0}, {'Attack': 0.15, 'Defense': 0.0, 'Neutral': 0.85, 'Terminal': 0.0}, {'Attack': 0.0, 'Defense': 0.85, 'Neutral': 0.15, 'Terminal': 0.0}, {'Attack': 0.05, 'Defense': 0.75, 'Neutral': 0.2, 'Terminal': 0.0}, {'Attack': 0.2, 'Defense': 0.1, 'Neutral': 0.7, 'Terminal': 0.0}, {'Attack': 0.0, 'Defense': 0.85, 'Neutral': 0.15, 'Terminal': 0.0}, {'Attack': 0.65, 'Defense': 0.1, 'Neutral': 0.25, 'Terminal': 0.0}, {'Attack': 0.0, 'Defense': 0.85, 'Neutral': 0.15, 'Terminal': 0.0}, {'Attack': 0.3, 'Defense': 0.05, 'Neutral': 0.65, 'Terminal': 0.0}, {'Attack': 0.2, 'Defense': 0.1, 'Neutral': 0.7, 'Terminal': 0.0}, {'Attack': 0.0, 'Defense': 0.85, 'Neutral': 0.15, 'Terminal': 0.0}, {'Attack': 0.2, 'Defense': 0.1, 'Neutral': 0.7, 'Terminal': 0.0}, {'Attack': 0.0, 'Defense': 0.85, 'Neutral': 0.15, 'Terminal': 0.0}, {'Attack': 0.05, 'Defense': 0.75, 'Neutral': 0.2, 'Terminal': 0.0}, {'Attack': 0.2, 'Defense': 0.1, 'Neutral': 0.7, 'Terminal': 0.0}, {'Attack': 0.0, 'Defense': 0.0, 'Neutral': 0.0, 'Terminal': 1.0}]",0.2459,0.3115,0.4262,0.0164,61,60,131.14,15,19,26,1,3,4,7,0,0,Neutral,0,0.5048,Aggressive
6,6_2,144.0,151.54,"Serve, Lift, Drop, Lift, Drop, Net",0.0,"['Serve', 'Lift', 'Drop', 'Lift', 'Drop', 'Net']","['Neutral', 'Defense', 'Neutral', 'Defense', 'Neutral', 'Neutral']","[{'Attack': 0.15, 'Defense': 0.0, 'Neutral': 0.85, 'Terminal': 0.0}, {'Attack': 0.0, 'Defense': 0.85, 'Neutral': 0.15, 'Terminal': 0.0}, {'Attack': 0.2, 'Defense': 0.1, 'Neutral': 0.7, 'Terminal': 0.0}, {'Attack': 0.0, 'Defense': 0.85, 'Neutral': 0.15, 'Terminal': 0.0}, {'Attack': 0.2, 'Defense': 0.1, 'Neutral': 0.7, 'Terminal': 0.0}, {'Attack': 0.15, 'Defense': 0.05, 'Neutral': 0.8, 'Terminal': 0.0}]",0.0,0.3333,0.6667,0.0,6,6,7.54,0,2,4,0,0,0,0,0,0,Neutral,2,0.4959,Balanced
6,6_3,163.26,192.06,"Drop, Smash, Lift, Cross Drop, Smash, Lift, Drop, Drop, Lift, Drop, Serve, Miss",1.0,"['Drop', 'Smash', 'Lift', 'Cross Drop', 'Smash', 'Lift', 'Drop', 'Drop', 'Lift', 'Drop', 'Serve', 'Miss']","['Neutral', 'Attack', 'Defense', 'Neutral', 'Attack', 'Defense', 'Neutral', 'Neutral', 'Defense', 'Neutral', 'Neutral', 'Terminal']","[{'Attack': 0.2, 'Defense': 0.1, 'Neutral': 0.7, 'Terminal': 0.0}, {'Attack': 0.9, 'Defense': 0.0, 'Neutral': 0.1, 'Terminal': 0.0}, {'Attack': 0.0, 'Defense': 0.85, 'Neutral': 0.15, 'Terminal': 0.0}, {'Attack': 0.3, 'Defense': 0.05, 'Neutral': 0.65, 'Terminal': 0.0}, {'Attack': 0.9, 'Defense': 0.0, 'Neutral': 0.1, 'Terminal': 0.0}, {'Attack': 0.0, 'Defense': 0.85, 'Neutral': 0.15, 'Terminal': 0.0}, {'Attack': 0.2, 'Defense': 0.1, 'Neutral': 0.7, 'Terminal': 0.0}, {'Attack': 0.2, 'Defense': 0.1, 'Neutral': 0.7, 'Terminal': 0.0}, {'Attack': 0.0, 'Defense': 0.85, 'Neutral': 0.15, 'Terminal': 0.0}, {'Attack': 0.2, 'Defense': 0.1, 'Neutral': 0.7, 'Terminal': 0.0}, {'Attack': 0.15, 'Defense': 0.0, 'Neutral': 0.85, 'Terminal': 0.0}, {'Attack': 0.0, 'Defense': 0.0, 'Neutral': 0.0, 'Terminal': 1.0}]",0.1667,0.25,0.5,0.0833,12,11,28.8,2,3,6,1,1,0,2,1,0,Neutral,0,0.5005,Aggressive
6,6_4,198.16,335.82,"Drop, Smash, Drop, Lift, Drop, Lift, Smash, Lift, Drop, Drop, Smash, Drop, Clear, Drop, Smash, Drop, Smash, Drop, Smash, Drop, Clear, Drop, Lift, Drop, Lift, Cross Drop, Lift, Drop, Smash, Lift, Drop, Smash, Drop, Lift, Drop, Clear, Drop, Smash, Drop, Drop, Drop, Lift, Cross Drop, Lift, Smash, Smash, Drive, Drop, Lift, Drop, Smash, Cross Drop, Smash, Cross Drop, Smash, Fall",0.0,"['Drop', 'Smash', 'Drop', 'Lift', 'Drop', 'Lift', 'Smash', 'Lift', 'Drop', 'Drop', 'Smash', 'Drop', 'Clear', 'Drop', 'Smash', 'Drop', 'Smash', 'Drop', 'Smash', 'Drop', 'Clear', 'Drop', 'Lift', 'Drop', 'Lift', 'Cross Drop', 'Lift', 'Drop', 'Smash', 'Lift', 'Drop', 'Smash', 'Drop', 'Lift', 'Drop', 'Clear', 'Drop', 'Smash', 'Drop', 'Drop', 'Drop', 'Lift', 'Cross Drop', 'Lift', 'Smash', 'Smash', 'Drive', 'Drop', 'Lift', 'Drop', 'Smash', 'Cross Drop', 'Smash', 'Cross Drop', 'Smash', 'Fall']","['Neutral', 'Attack', 'Neutral', 'Defense', 'Neutral', 'Defense', 'Attack', 'Defense', 'Neutral', 'Neutral', 'Attack', 'Neutral', 'Defense', 'Neutral', 'Attack', 'Neutral', 'Attack', 'Neutral', 'Attack', 'Neutral', 'Defense', 'Neutral', 'Defense', 'Neutral', 'Defense', 'Neutral', 'Defense', 'Neutral', 'Attack', 'Defense', 'Neutral', 'Attack', 'Neutral', 'Defense', 'Neutral', 'Defense', 'Neutral', 'Attack', 'Neutral', 'Neutral', 'Neutral', 'Defense', 'Neutral', 'Defense', 'Attack', 'Attack', 'Attack', 'Neutral', 'Defense', 'Neutral', 'Attack', 'Neutral', 'Attack', 'Neutral', 'Attack', 'Terminal']","[{'Attack': 0.2, 'Defense': 0.1, 'Neutral': 0.7, 'Terminal': 0.0}, {'Attack': 0.9, 'Defense': 0.0, 'Neutral': 0.1, 'Terminal': 0.0}, {'Attack': 0.2, 'Defense': 0.1, 'Neutral': 0.7, 'Terminal': 0.0}, {'Attack': 0.0, 'Defense': 0.85, 'Neutral': 0.15, 'Terminal': 0.0}, {'Attack': 0.2, 'Defense': 0.1, 'Neutral': 0.7, 'Terminal': 0.0}, {'Attack': 0.0, 'Defense': 0.85, 'Neutral': 0.15, 'Terminal': 0.0}, {'Attack': 0.9, 'Defense': 0.0, 'Neutral': 0.1, 'Terminal': 0.0}, {'Attack': 0.0, 'Defense': 0.85, 'Neutral': 0.15, 'Terminal': 0.0}, {'Attack': 0.2, 'Defense': 0.1, 'Neutral': 0.7, 'Terminal': 0.0}, {'Attack': 0.2, 'Defense': 0.1, 'Neutral': 0.7, 'Terminal': 0.0}, {'Attack': 0.9, 'Defense': 0.0, 'Neutral': 0.1, 'Terminal': 0.0}, {'Attack': 0.2, 'Defense': 0.1, 'Neutral': 0.7, 'Terminal': 0.0}, {'Attack': 0.05, 'Defense': 0.75, 'Neutral': 0.2, 'Terminal': 0.0}, {'Attack': 0.2, 'Defense': 0.1, 'Neutral': 0.7, 'Terminal': 0.0}, {'Attack': 0.9, 'Defense': 0.0, 'Neutral': 0.1, 'Terminal': 0.0}, {'Attack': 0.2, 'Defense': 0.1, 'Neutral': 0.7, 'Terminal': 0.0}, {'Attack': 0.9, 'Defense': 0.0, 'Neutral': 0.1, 'Terminal': 0.0}, {'Attack': 0.2, 'Defense': 0.1, 'Neutral': 0.7, 'Terminal': 0.0}, {'Attack': 0.9, 'Defense': 0.0, 'Neutral': 0.1, 'Terminal': 0.0}, {'Attack': 0.2, 'Defense': 0.1, 'Neutral': 0.7, 'Terminal': 0.0}, {'Attack': 0.05, 'Defense': 0.75, 'Neutral': 0.2, 'Terminal': 0.0}, {'Attack': 0.2, 'Defense': 0.1, 'Neutral': 0.7, 'Terminal': 0.0}, {'Attack': 0.0, 'Defense': 0.85, 'Neutral': 0.15, 'Terminal': 0.0}, {'Attack': 0.2, 'Defense': 0.1, 'Neutral': 0.7, 'Terminal': 0.0}, {'Attack': 0.0, 'Defense': 0.85, 'Neutral': 0.15, 'Terminal': 0.0}, {'Attack': 0.3, 'Defense': 0.05, 'Neutral': 0.65, 'Terminal': 0.0}, {'Attack': 0.0, 'Defense': 0.85, 'Neutral': 0.15, 'Terminal': 0.0}, {'Attack': 0.2, 'Defense': 0.1, 'Neutral': 0.7, 'Terminal': 0.0}, {'Attack': 0.9, 'Defense': 0.0, 'Neutral': 0.1, 'Terminal': 0.0}, {'Attack': 0.0, 'Defense': 0.85, 'Neutral': 0.15, 'Terminal': 0.0}, {'Attack': 0.2, 'Defense': 0.1, 'Neutral': 0.7, 'Terminal': 0.0}, {'Attack': 0.9, 'Defense': 0.0, 'Neutral': 0.1, 'Terminal': 0.0}, {'Attack': 0.2, 'Defense': 0.1, 'Neutral': 0.7, 'Terminal': 0.0}, {'Attack': 0.0, 'Defense': 0.85, 'Neutral': 0.15, 'Terminal': 0.0}, {'Attack': 0.2, 'Defense': 0.1, 'Neutral': 0.7, 'Terminal': 0.0}, {'Attack': 0.05, 'Defense': 0.75, 'Neutral': 0.2, 'Terminal': 0.0}, {'Attack': 0.2, 'Defense': 0.1, 'Neutral': 0.7, 'Terminal': 0.0}, {'Attack': 0.9, 'Defense': 0.0, 'Neutral': 0.1, 'Terminal': 0.0}, {'Attack': 0.2, 'Defense': 0.1, 'Neutral': 0.7, 'Terminal': 0.0}, {'Attack': 0.2, 'Defense': 0.1, 'Neutral': 0.7, 'Terminal': 0.0}, {'Attack': 0.2, 'Defense': 0.1, 'Neutral': 0.7, 'Terminal': 0.0}, {'Attack': 0.0, 'Defense': 0.85, 'Neutral': 0.15, 'Terminal': 0.0}, {'Attack': 0.3, 'Defense': 0.05, 'Neutral': 0.65, 'Terminal': 0.0}, {'Attack': 0.0, 'Defense': 0.85, 'Neutral': 0.15, 'Terminal': 0.0}, {'Attack': 0.9, 'Defense': 0.0, 'Neutral': 0.1, 'Terminal': 0.0}, {'Attack': 0.9, 'Defense': 0.0, 'Neutral': 0.1, 'Terminal': 0.0}, {'Attack': 0.65, 'Defense': 0.1, 'Neutral': 0.25, 'Terminal': 0.0}, {'Attack': 0.2, 'Defense': 0.1, 'Neutral': 0.7, 'Terminal': 0.0}, {'Attack': 0.0, 'Defense': 0.85, 'Neutral': 0.15, 'Terminal': 0.0}, {'Attack': 0.2, 'Defense': 0.1, 'Neutral': 0.7, 'Terminal': 0.0}, {'Attack': 0.9, 'Defense': 0.0, 'Neutral': 0.1, 'Terminal': 0.0}, {'Attack': 0.3, 'Defense': 0.05, 'Neutral': 0.65, 'Terminal': 0.0}, {'Attack': 0.9, 'Defense': 0.0, 'Neutral': 0.1, 'Terminal': 0.0}, {'Attack': 0.3, 'Defense': 0.05, 'Neutral': 0.65, 'Terminal': 0.0}, {'Attack': 0.9, 'Defense': 0.0, 'Neutral': 0.1, 'Terminal': 0.0}, {'Attack': 0.0, 'Defense': 0.0, 'Neutral': 0.0, 'Terminal': 1.0}]",0.2679,0.25,0.4643,0.0179,56,55,137.66,15,14,26,1,3,2,11,1,1,Neutral,0,0.5063,Aggressive
6,6_5,349.74,385.8,"Smash, Drop, Lift, Lift, Drop, Lift, Drop, Lift, Drop, Smash, Drop, Clear, Fall",1.0,"['Smash', 'Drop', 'Lift', 'Lift', 'Drop', 'Lift', 'Drop', 'Lift', 'Drop', 'Smash', 'Drop', 'Clear', 'Fall']","['Attack', 'Neutral', 'Defense', 'Defense', 'Neutral', 'Defense', 'Neutral', 'Defense', 'Neutral', 'Attack', 'Neutral', 'Defense', 'Terminal']","[{'Attack': 0.9, 'Defense': 0.0, 'Neutral': 0.1, 'Terminal': 0.0}, {'Attack': 0.2, 'Defense': 0.1, 'Neutral': 0.7, 'Terminal': 0.0}, {'Attack': 0.0, 'Defense': 0.85, 'Neutral': 0.15, 'Terminal': 0.0}, {'Attack': 0.0, 'Defense': 0.85, 'Neutral': 0.15, 'Terminal': 0.0}, {'Attack': 0.2, 'Defense': 0.1, 'Neutral': 0.7, 'Terminal': 0.0}, {'Attack': 0.0, 'Defense': 0.85, 'Neutral': 0.15, 'Terminal': 0.0}, {'Attack': 0.2, 'Defense': 0.1, 'Neutral': 0.7, 'Terminal': 0.0}, {'Attack': 0.0, 'Defense': 0.85, 'Neutral': 0.15, 'Terminal': 0.0}, {'Attack': 0.2, 'Defense': 0.1, 'Neutral': 0.7, 'Terminal': 0.0}, {'Attack': 0.9, 'Defense': 0.0, 'Neutral': 0.1, 'Terminal': 0.0}, {'Attack': 0.2, 'Defense': 0.1, 'Neutral': 0.7, 'Terminal': 0.0}, {'Attack': 0.05, 'Defense': 0.75, 'Neutral': 0.2, 'Terminal': 0.0}, {'Attack': 0.0, 'Defense': 0.0, 'Neutral': 0.0, 'Terminal': 1.0}]",0.1538,0.3846,0.3846,0.0769,13,12,36.06,2,5,5,1,1,0,1,1,0,Defense,0,0.5015,Aggressive
8,8_5,17.88,22.06,"Drop, Drop, Drive, Drop, Lift, Drop, Drive, Drop, Clear, Lift, Smash, Lift, Fall",1.0,"['Drop', 'Drop', 'Drive', 'Drop', 'Lift', 'Drop', 'Drive', 'Drop', 'Clear', 'Lift', 'Smash', 'Lift', 'Fall']","['Neutral', 'Neutral', 'Attack', 'Neutral', 'Defense', 'Neutral', 'Attack', 'Neutral', 'Defense', 'Defense', 'Attack', 'Defense', 'Terminal']","[{'Attack': 0.2, 'Defense': 0.1, 'Neutral': 0.7, 'Terminal': 0.0}, {'Attack': 0.2, 'Defense': 0.1, 'Neutral': 0.7, 'Terminal': 0.0}, {'Attack': 0.65, 'Defense': 0.1, 'Neutral': 0.25, 'Terminal': 0.0}, {'Attack': 0.2, 'Defense': 0.1, 'Neutral': 0.7, 'Terminal': 0.0}, {'Attack': 0.0, 'Defense': 0.85, 'Neutral': 0.15, 'Terminal': 0.0}, {'Attack': 0.2, 'Defense': 0.1, 'Neutral': 0.7, 'Terminal': 0.0}, {'Attack': 0.65, 'Defense': 0.1, 'Neutral': 0.25, 'Terminal': 0.0}, {'Attack': 0.2, 'Defense': 0.1, 'Neutral': 0.7, 'Terminal': 0.0}, {'Attack': 0.05, 'Defense': 0.75, 'Neutral': 0.2, 'Terminal': 0.0}, {'Attack': 0.0, 'Defense': 0.85, 'Neutral': 0.15, 'Terminal': 0.0}, {'Attack': 0.9, 'Defense': 0.0, 'Neutral': 0.1, 'Terminal': 0.0}, {'Attack': 0.0, 'Defense': 0.85, 'Neutral': 0.15, 'Terminal': 0.0}, {'Attack': 0.0, 'Defense': 0.0, 'Neutral': 0.0, 'Terminal': 1.0}]",0.2308,0.3077,0.3846,0.0769,13,12,4.18,3,4,5,1,1,1,2,1,0,Neutral,0,0.5014,Aggressive
8,8_10,50.86,53.92,"Drop, Drive, Lift, Clear, Lift, Smash, Smash, Drop, Net",0.0,"['Drop', 'Drive', 'Lift', 'Clear', 'Lift', 'Smash', 'Smash', 'Drop', 'Net']","['Neutral', 'Attack', 'Defense', 'Defense', 'Defense', 'Attack', 'Attack', 'Neutral', 'Neutral']","[{'Attack': 0.2, 'Defense': 0.1, 'Neutral': 0.7, 'Terminal': 0.0}, {'Attack': 0.65, 'Defense': 0.1, 'Neutral': 0.25, 'Terminal': 0.0}, {'Attack': 0.0, 'Defense': 0.85, 'Neutral': 0.15, 'Terminal': 0.0}, {'Attack': 0.05, 'Defense': 0.75, 'Neutral': 0.2, 'Terminal': 0.0}, {'Attack': 0.0, 'Defense': 0.85, 'Neutral': 0.15, 'Terminal': 0.0}, {'Attack': 0.9, 'Defense': 0.0, 'Neutral': 0.1, 'Terminal': 0.0}, {'Attack': 0.9, 'Defense': 0.0, 'Neutral': 0.1, 'Terminal': 0.0}, {'Attack': 0.2, 'Defense': 0.1, 'Neutral': 0.7, 'Terminal': 0.0}, {'Attack': 0.15, 'Defense': 0.05, 'Neutral': 0.8, 'Terminal': 0.0}]",0.3333,0.3333,0.3333,0.0,9,9,3.06,3,3,3,0,2,1,1,1,0,Attack,2,0.5001,Balanced
8,8_12,66.52,84.84,"Drop, Drop, Drop, Lift, Lift, Drop, Smash, Drop, Drop, Drop, Clear, Drop, Lift, Lift, Drop, Drop, Drop, Drop, Drop, Lift, Clear, Drop, Lift, Drop, Drop, Drop, Lift, Drop, Lift, Smash, Lift, Drop, Lift, Drop, Lift, Clear, Smash, Miss",1.0,"['Drop', 'Drop', 'Drop', 'Lift', 'Lift', 'Drop', 'Smash', 'Drop', 'Drop', 'Drop', 'Clear', 'Drop', 'Lift', 'Lift', 'Drop', 'Drop', 'Drop', 'Drop', 'Drop', 'Lift', 'Clear', 'Drop', 'Lift', 'Drop', 'Drop', 'Drop', 'Lift', 'Drop', 'Lift', 'Smash', 'Lift', 'Drop', 'Lift', 'Drop', 'Lift', 'Clear', 'Smash', 'Miss']","['Neutral', 'Neutral', 'Neutral', 'Defense', 'Defense', 'Neutral', 'Attack', 'Neutral', 'Neutral', 'Neutral', 'Defense', 'Neutral', 'Defense', 'Defense', 'Neutral', 'Neutral', 'Neutral', 'Neutral', 'Neutral', 'Defense', 'Defense', 'Neutral', 'Defense', 'Neutral', 'Neutral', 'Neutral', 'Defense', 'Neutral', 'Defense', 'Attack', 'Defense', 'Neutral', 'Defense', 'Neutral', 'Defense', 'Defense', 'Attack', 'Terminal']","[{'Attack': 0.2, 'Defense': 0.1, 'Neutral': 0.7, 'Terminal': 0.0}, {'Attack': 0.2, 'Defense': 0.1, 'Neutral': 0.7, 'Terminal': 0.0}, {'Attack': 0.2, 'Defense': 0.1, 'Neutral': 0.7, 'Terminal': 0.0}, {'Attack': 0.0, 'Defense': 0.85, 'Neutral': 0.15, 'Terminal': 0.0}, {'Attack': 0.0, 'Defense': 0.85, 'Neutral': 0.15, 'Terminal': 0.0}, {'Attack': 0.2, 'Defense': 0.1, 'Neutral': 0.7, 'Terminal': 0.0}, {'Attack': 0.9, 'Defense': 0.0, 'Neutral': 0.1, 'Terminal': 0.0}, {'Attack': 0.2, 'Defense': 0.1, 'Neutral': 0.7, 'Terminal': 0.0}, {'Attack': 0.2, 'Defense': 0.1, 'Neutral': 0.7, 'Terminal': 0.0}, {'Attack': 0.2, 'Defense': 0.1, 'Neutral': 0.7, 'Terminal': 0.0}, {'Attack': 0.05, 'Defense': 0.75, 'Neutral': 0.2, 'Terminal': 0.0}, {'Attack': 0.2, 'Defense': 0.1, 'Neutral': 0.7, 'Terminal': 0.0}, {'Attack': 0.0, 'Defense': 0.85, 'Neutral': 0.15, 'Terminal': 0.0}, {'Attack': 0.0, 'Defense': 0.85, 'Neutral': 0.15, 'Terminal': 0.0}, {'Attack': 0.2, 'Defense': 0.1, 'Neutral': 0.7, 'Terminal': 0.0}, {'Attack': 0.2, 'Defense': 0.1, 'Neutral': 0.7, 'Terminal': 0.0}, {'Attack': 0.2, 'Defense': 0.1, 'Neutral': 0.7, 'Terminal': 0.0}, {'Attack': 0.2, 'Defense': 0.1, 'Neutral': 0.7, 'Terminal': 0.0}, {'Attack': 0.2, 'Defense': 0.1, 'Neutral': 0.7, 'Terminal': 0.0}, {'Attack': 0.0, 'Defense': 0.85, 'Neutral': 0.15, 'Terminal': 0.0}, {'Attack': 0.05, 'Defense': 0.75, 'Neutral': 0.2, 'Terminal': 0.0}, {'Attack': 0.2, 'Defense': 0.1, 'Neutral': 0.7, 'Terminal': 0.0}, {'Attack': 0.0, 'Defense': 0.85, 'Neutral': 0.15, 'Terminal': 0.0}, {'Attack': 0.2, 'Defense': 0.1, 'Neutral': 0.7, 'Terminal': 0.0}, {'Attack': 0.2, 'Defense': 0.1, 'Neutral': 0.7, 'Terminal': 0.0}, {'Attack': 0.2, 'Defense': 0.1, 'Neutral': 0.7, 'Terminal': 0.0}, {'Attack': 0.0, 'Defense': 0.85, 'Neutral': 0.15, 'Terminal': 0.0}, {'Attack': 0.2, 'Defense': 0.1, 'Neutral': 0.7, 'Terminal': 0.0}, {'Attack': 0.0, 'Defense': 0.85, 'Neutral': 0.15, 'Terminal': 0.0}, {'Attack': 0.9, 'Defense': 0.0, 'Neutral': 0.1, 'Terminal': 0.0}, {'Attack': 0.0, 'Defense': 0.85, 'Neutral': 0.15, 'Terminal': 0.0}, {'Attack': 0.2, 'Defense': 0.1, 'Neutral': 0.7, 'Terminal': 0.0}, {'Attack': 0.0, 'Defense': 0.85, 'Neutral': 0.15, 'Terminal': 0.0}, {'Attack': 0.2, 'Defense': 0.1, 'Neutral': 0.7, 'Terminal': 0.0}, {'Attack': 0.0, 'Defense': 0.85, 'Neutral': 0.15, 'Terminal': 0.0}, {'Attack': 0.05, 'Defense': 0.75, 'Neutral': 0.2, 'Terminal': 0.0}, {'Attack': 0.9, 'Defense': 0.0, 'Neutral': 0.1, 'Terminal': 0.0}, {'Attack': 0.0, 'Defense': 0.0, 'Neutral': 0.0, 'Terminal': 1.0}]",0.0789,0.3684,0.5263,0.0263,38,37,18.32,3,14,20,1,1,2,1,0,1,Neutral,0,0.5053,Aggressive
8,8_13,97.6,180.12,"Serve, Lift, Drive, Drop, Drop, Drop, Lift, Smash, Drop, Drop, Drop, Drop, Lift, Smash, Drop, Lift, Clear, Smash, Drop, Lift, Lift, Drop, Smash, Drop, Smash, Serve, Lift, Drop, Drop, Clear, Drop, Lift, Lift, Drop, Lift, Lift, Drop, Lift, Net",0.0,"['Serve', 'Lift', 'Drive', 'Drop', 'Drop', 'Drop', 'Lift', 'Smash', 'Drop', 'Drop', 'Drop', 'Drop', 'Lift', 'Smash', 'Drop', 'Lift', 'Clear', 'Smash', 'Drop', 'Lift', 'Lift', 'Drop', 'Smash', 'Drop', 'Smash', 'Serve', 'Lift', 'Drop', 'Drop', 'Clear', 'Drop', 'Lift', 'Lift', 'Drop', 'Lift', 'Lift', 'Drop', 'Lift', 'Net']","['Neutral', 'Defense', 'Attack', 'Neutral', 'Neutral', 'Neutral', 'Defense', 'Attack', 'Neutral', 'Neutral', 'Neutral', 'Neutral', 'Defense', 'Attack', 'Neutral', 'Defense', 'Defense', 'Attack', 'Neutral', 'Defense', 'Defense', 'Neutral', 'Attack', 'Neutral', 'Attack', 'Neutral', 'Defense', 'Neutral', 'Neutral', 'Defense', 'Neutral', 'Defense', 'Defense', 'Neutral', 'Defense', 'Defense', 'Neutral', 'Defense', 'Neutral']","[{'Attack': 0.15, 'Defense': 0.0, 'Neutral': 0.85, 'Terminal': 0.0}, {'Attack': 0.0, 'Defense': 0.85, 'Neutral': 0.15, 'Terminal': 0.0}, {'Attack': 0.65, 'Defense': 0.1, 'Neutral': 0.25, 'Terminal': 0.0}, {'Attack': 0.2, 'Defense': 0.1, 'Neutral': 0.7, 'Terminal': 0.0}, {'Attack': 0.2, 'Defense': 0.1, 'Neutral': 0.7, 'Terminal': 0.0}, {'Attack': 0.2, 'Defense': 0.1, 'Neutral': 0.7, 'Terminal': 0.0}, {'Attack': 0.0, 'Defense': 0.85, 'Neutral': 0.15, 'Terminal': 0.0}, {'Attack': 0.9, 'Defense': 0.0, 'Neutral': 0.1, 'Terminal': 0.0}, {'Attack': 0.2, 'Defense': 0.1, 'Neutral': 0.7, 'Terminal': 0.0}, {'Attack': 0.2, 'Defense': 0.1, 'Neutral': 0.7, 'Terminal': 0.0}, {'Attack': 0.2, 'Defense': 0.1, 'Neutral': 0.7, 'Terminal': 0.0}, {'Attack': 0.2, 'Defense': 0.1, 'Neutral': 0.7, 'Terminal': 0.0}, {'Attack': 0.0, 'Defense': 0.85, 'Neutral': 0.15, 'Terminal': 0.0}, {'Attack': 0.9, 'Defense': 0.0, 'Neutral': 0.1, 'Terminal': 0.0}, {'Attack': 0.2, 'Defense': 0.1, 'Neutral': 0.7, 'Terminal': 0.0}, {'Attack': 0.0, 'Defense': 0.85, 'Neutral': 0.15, 'Terminal': 0.0}, {'Attack': 0.05, 'Defense': 0.75, 'Neutral': 0.2, 'Terminal': 0.0}, {'Attack': 0.9, 'Defense': 0.0, 'Neutral': 0.1, 'Terminal': 0.0}, {'Attack': 0.2, 'Defense': 0.1, 'Neutral': 0.7, 'Terminal': 0.0}, {'Attack': 0.0, 'Defense': 0.85, 'Neutral': 0.15, 'Terminal': 0.0}, {'Attack': 0.0, 'Defense': 0.85, 'Neutral': 0.15, 'Terminal': 0.0}, {'Attack': 0.2, 'Defense': 0.1, 'Neutral': 0.7, 'Terminal': 0.0}, {'Attack': 0.9, 'Defense': 0.0, 'Neutral': 0.1, 'Terminal': 0.0}, {'Attack': 0.2, 'Defense': 0.1, 'Neutral': 0.7, 'Terminal': 0.0}, {'Attack': 0.9, 'Defense': 0.0, 'Neutral': 0.1, 'Terminal': 0.0}, {'Attack': 0.15, 'Defense': 0.0, 'Neutral': 0.85, 'Terminal': 0.0}, {'Attack': 0.0, 'Defense': 0.85, 'Neutral': 0.15, 'Terminal': 0.0}, {'Attack': 0.2, 'Defense': 0.1, 'Neutral': 0.7, 'Terminal': 0.0}, {'Attack': 0.2, 'Defense': 0.1, 'Neutral': 0.7, 'Terminal': 0.0}, {'Attack': 0.05, 'Defense': 0.75, 'Neutral': 0.2, 'Terminal': 0.0}, {'Attack': 0.2, 'Defense': 0.1, 'Neutral': 0.7, 'Terminal': 0.0}, {'Attack': 0.0, 'Defense': 0.85, 'Neutral': 0.15, 'Terminal': 0.0}, {'Attack': 0.0, 'Defense': 0.85, 'Neutral': 0.15, 'Terminal': 0.0}, {'Attack': 0.2, 'Defense': 0.1, 'Neutral': 0.7, 'Terminal': 0.0}, {'Attack': 0.0, 'Defense': 0.85, 'Neutral': 0.15, 'Terminal': 0.0}, {'Attack': 0.0, 'Defense': 0.85, 'Neutral': 0.15, 'Terminal': 0.0}, {'Attack': 0.2, 'Defense': 0.1, 'Neutral': 0.7, 'Terminal': 0.0}, {'Attack': 0.0, 'Defense': 0.85, 'Neutral': 0.15, 'Terminal': 0.0}, {'Attack': 0.15, 'Defense': 0.05, 'Neutral': 0.8, 'Terminal': 0.0}]",0.1538,0.359,0.4872,0.0,39,39,82.52,6,14,19,0,1,4,2,1,0,Neutral,0,0.5042,Aggressive
8,8_14,185.62,189.84,"Drop, Drop, Fall",1.0,"['Drop', 'Drop', 'Fall']","['Neutral', 'Neutral', 'Terminal']","[{'Attack': 0.2, 'Defense': 0.1, 'Neutral': 0.7, 'Terminal': 0.0}, {'Attack': 0.2, 'Defense': 0.1, 'Neutral': 0.7, 'Terminal': 0.0}, {'Attack': 0.0, 'Defense': 0.0, 'Neutral': 0.0, 'Terminal': 1.0}]",0.0,0.0,0.6667,0.3333,3,2,4.22,0,0,2,1,0,0,0,0,0,Neutral,2,0.4991,Balanced
8,8_15,196.14,250.46,"Lift, Drop, Lift, Smash, Drop, Drop, Lift, Drop, Lift, Drop, Clear, Drop, Drop, Lift, Drop, Lift, Drop, Lift, Drop, Lift, Lift, Smash, Smash, Drop, Fall",1.0,"['Lift', 'Drop', 'Lift', 'Smash', 'Drop', 'Drop', 'Lift', 'Drop', 'Lift', 'Drop', 'Clear', 'Drop', 'Drop', 'Lift', 'Drop', 'Lift', 'Drop', 'Lift', 'Drop', 'Lift', 'Lift', 'Smash', 'Smash', 'Drop', 'Fall']","['Defense', 'Neutral', 'Defense', 'Attack', 'Neutral', 'Neutral', 'Defense', 'Neutral', 'Defense', 'Neutral', 'Defense', 'Neutral', 'Neutral', 'Defense', 'Neutral', 'Defense', 'Neutral', 'Defense', 'Neutral', 'Defense', 'Defense', 'Attack', 'Attack', 'Neutral', 'Terminal']","[{'Attack': 0.0, 'Defense': 0.85, 'Neutral': 0.15, 'Terminal': 0.0}, {'Attack': 0.2, 'Defense': 0.1, 'Neutral': 0.7, 'Terminal': 0.0}, {'Attack': 0.0, 'Defense': 0.85, 'Neutral': 0.15, 'Terminal': 0.0}, {'Attack': 0.9, 'Defense': 0.0, 'Neutral': 0.1, 'Terminal': 0.0}, {'Attack': 0.2, 'Defense': 0.1, 'Neutral': 0.7, 'Terminal': 0.0}, {'Attack': 0.2, 'Defense': 0.1, 'Neutral': 0.7, 'Terminal': 0.0}, {'Attack': 0.0, 'Defense': 0.85, 'Neutral': 0.15, 'Terminal': 0.0}, {'Attack': 0.2, 'Defense': 0.1, 'Neutral': 0.7, 'Terminal': 0.0}, {'Attack': 0.0, 'Defense': 0.85, 'Neutral': 0.15, 'Terminal': 0.0}, {'Attack': 0.2, 'Defense': 0.1, 'Neutral': 0.7, 'Terminal': 0.0}, {'Attack': 0.05, 'Defense': 0.75, 'Neutral': 0.2, 'Terminal': 0.0}, {'Attack': 0.2, 'Defense': 0.1, 'Neutral': 0.7, 'Terminal': 0.0}, {'Attack': 0.2, 'Defense': 0.1, 'Neutral': 0.7, 'Terminal': 0.0}, {'Attack': 0.0, 'Defense': 0.85, 'Neutral': 0.15, 'Terminal': 0.0}, {'Attack': 0.2, 'Defense': 0.1, 'Neutral': 0.7, 'Terminal': 0.0}, {'Attack': 0.0, 'Defense': 0.85, 'Neutral': 0.15, 'Terminal': 0.0}, {'Attack': 0.2, 'Defense': 0.1, 'Neutral': 0.7, 'Terminal': 0.0}, {'Attack': 0.0, 'Defense': 0.85, 'Neutral': 0.15, 'Terminal': 0.0}, {'Attack': 0.2, 'Defense': 0.1, 'Neutral': 0.7, 'Terminal': 0.0}, {'Attack': 0.0, 'Defense': 0.85, 'Neutral': 0.15, 'Terminal': 0.0}, {'Attack': 0.0, 'Defense': 0.85, 'Neutral': 0.15, 'Terminal': 0.0}, {'Attack': 0.9, 'Defense': 0.0, 'Neutral': 0.1, 'Terminal': 0.0}, {'Attack': 0.9, 'Defense': 0.0, 'Neutral': 0.1, 'Terminal': 0.0}, {'Attack': 0.2, 'Defense': 0.1, 'Neutral': 0.7, 'Terminal': 0.0}, {'Attack': 0.0, 'Defense': 0.0, 'Neutral': 0.0, 'Terminal': 1.0}]",0.12,0.4,0.44,0.04,25,24,54.32,3,10,11,1,2,2,0,0,0,Neutral,0,0.5039,Aggressive
8,8_16,274.9,294.22,"Drop, Drive, Drop, Drive, Lift, Drop, Lift, Drop, Lift, Drop, Lift, Net",1.0,"['Drop', 'Drive', 'Drop', 'Drive', 'Lift', 'Drop', 'Lift', 'Drop', 'Lift', 'Drop', 'Lift', 'Net']","['Neutral', 'Attack', 'Neutral', 'Attack', 'Defense', 'Neutral', 'Defense', 'Neutral', 'Defense', 'Neutral', 'Defense', 'Neutral']","[{'Attack': 0.2, 'Defense': 0.1, 'Neutral': 0.7, 'Terminal': 0.0}, {'Attack': 0.65, 'Defense': 0.1, 'Neutral': 0.25, 'Terminal': 0.0}, {'Attack': 0.2, 'Defense': 0.1, 'Neutral': 0.7, 'Terminal': 0.0}, {'Attack': 0.65, 'Defense': 0.1, 'Neutral': 0.25, 'Terminal': 0.0}, {'Attack': 0.0, 'Defense': 0.85, 'Neutral': 0.15, 'Terminal': 0.0}, {'Attack': 0.2, 'Defense': 0.1, 'Neutral': 0.7, 'Terminal': 0.0}, {'Attack': 0.0, 'Defense': 0.85, 'Neutral': 0.15, 'Terminal': 0.0}, {'Attack': 0.2, 'Defense': 0.1, 'Neutral': 0.7, 'Terminal': 0.0}, {'Attack': 0.0, 'Defense': 0.85, 'Neutral': 0.15, 'Terminal': 0.0}, {'Attack': 0.2, 'Defense': 0.1, 'Neutral': 0.7, 'Terminal': 0.0}, {'Attack': 0.0, 'Defense': 0.85, 'Neutral': 0.15, 'Terminal': 0.0}, {'Attack': 0.15, 'Defense': 0.05, 'Neutral': 0.8, 'Terminal': 0.0}]",0.1667,0.3333,0.5,0.0,12,12,19.32,2,4,6,0,1,0,2,1,0,Neutral,0,0.4996,Aggressive
8,8_17,307.18,325.52,"Lift, Drive, Drop, Drop, Drop, Clear, Drop, Lift, Lift, Fall",1.0,"['Lift', 'Drive', 'Drop', 'Drop', 'Drop', 'Clear', 'Drop', 'Lift', 'Lift', 'Fall']","['Defense', 'Attack', 'Neutral', 'Neutral', 'Neutral', 'Defense', 'Neutral', 'Defense', 'Defense', 'Terminal']","[{'Attack': 0.0, 'Defense': 0.85, 'Neutral': 0.15, 'Terminal': 0.0}, {'Attack': 0.65, 'Defense': 0.1, 'Neutral': 0.25, 'Terminal': 0.0}, {'Attack': 0.2, 'Defense': 0.1, 'Neutral': 0.7, 'Terminal': 0.0}, {'Attack': 0.2, 'Defense': 0.1, 'Neutral': 0.7, 'Terminal': 0.0}, {'Attack': 0.2, 'Defense': 0.1, 'Neutral': 0.7, 'Terminal': 0.0}, {'Attack': 0.05, 'Defense': 0.75, 'Neutral': 0.2, 'Terminal': 0.0}, {'Attack': 0.2, 'Defense': 0.1, 'Neutral': 0.7, 'Terminal': 0.0}, {'Attack': 0.0, 'Defense': 0.85, 'Neutral': 0.15, 'Terminal': 0.0}, {'Attack': 0.0, 'Defense': 0.85, 'Neutral': 0.15, 'Terminal': 0.0}, {'Attack': 0.0, 'Defense': 0.0, 'Neutral': 0.0, 'Terminal': 1.0}]",0.1,0.4,0.4,0.1,10,9,18.34,1,4,4,1,1,1,0,1,0,Defense,0,0.5002,Aggressive
8,8_18,340.64,348.38,"Lift, Drop, Drive, Lift, Fall",1.0,"['Lift', 'Drop', 'Drive', 'Lift', 'Fall']","['Defense', 'Neutral', 'Attack', 'Defense', 'Terminal']","[{'Attack': 0.0, 'Defense': 0.85, 'Neutral': 0.15, 'Terminal': 0.0}, {'Attack': 0.2, 'Defense': 0.1, 'Neutral': 0.7, 'Terminal': 0.0}, {'Attack': 0.65, 'Defense': 0.1, 'Neutral': 0.25, 'Terminal': 0.0}, {'Attack': 0.0, 'Defense': 0.85, 'Neutral': 0.15, 'Terminal': 0.0}, {'Attack': 0.0, 'Defense': 0.0, 'Neutral': 0.0, 'Terminal': 1.0}]",0.2,0.4,0.2,0.2,5,4,7.74,1,2,1,1,1,0,1,1,0,Defense,2,0.4987,Balanced
8,8_19,360.6,369.82,"Drop, Clear, Drop, Drop, Clear, Fall",1.0,"['Drop', 'Clear', 'Drop', 'Drop', 'Clear', 'Fall']","['Neutral', 'Defense', 'Neutral', 'Neutral', 'Defense', 'Terminal']","[{'Attack': 0.2, 'Defense': 0.1, 'Neutral': 0.7, 'Terminal': 0.0}, {'Attack': 0.05, 'Defense': 0.75, 'Neutral': 0.2, 'Terminal': 0.0}, {'Attack': 0.2, 'Defense': 0.1, 'Neutral': 0.7, 'Terminal': 0.0}, {'Attack': 0.2, 'Defense': 0.1, 'Neutral': 0.7, 'Terminal': 0.0}, {'Attack': 0.05, 'Defense': 0.75, 'Neutral': 0.2, 'Terminal': 0.0}, {'Attack': 0.0, 'Defense': 0.0, 'Neutral': 0.0, 'Terminal': 1.0}]",0.0,0.3333,0.5,0.1667,6,5,9.22,0,2,3,1,0,0,0,0,0,Neutral,2,0.5012,Balanced
8,8_20,373.76,391.28,"Serve, Drive, Lift, Drop, Drop, Clear, Drop, Clear, Lift, Net",1.0,"['Serve', 'Drive', 'Lift', 'Drop', 'Drop', 'Clear', 'Drop', 'Clear', 'Lift', 'Net']","['Neutral', 'Attack', 'Defense', 'Neutral', 'Neutral', 'Defense', 'Neutral', 'Defense', 'Defense', 'Neutral']","[{'Attack': 0.15, 'Defense': 0.0, 'Neutral': 0.85, 'Terminal': 0.0}, {'Attack': 0.65, 'Defense': 0.1, 'Neutral': 0.25, 'Terminal': 0.0}, {'Attack': 0.0, 'Defense': 0.85, 'Neutral': 0.15, 'Terminal': 0.0}, {'Attack': 0.2, 'Defense': 0.1, 'Neutral': 0.7, 'Terminal': 0.0}, {'Attack': 0.2, 'Defense': 0.1, 'Neutral': 0.7, 'Terminal': 0.0}, {'Attack': 0.05, 'Defense': 0.75, 'Neutral': 0.2, 'Terminal': 0.0}, {'Attack': 0.2, 'Defense': 0.1, 'Neutral': 0.7, 'Terminal': 0.0}, {'Attack': 0.05, 'Defense': 0.75, 'Neutral': 0.2, 'Terminal': 0.0}, {'Attack': 0.0, 'Defense': 0.85, 'Neutral': 0.15, 'Terminal': 0.0}, {'Attack': 0.15, 'Defense': 0.05, 'Neutral': 0.8, 'Terminal': 0.0}]",0.1,0.4,0.5,0.0,10,10,17.52,1,4,5,0,1,0,1,1,0,Neutral,0,0.499,Aggressive
26,26_4,115.74,117.84,"Long Defence, Fall",1.0,"['Long Defence', 'Fall']","['Defense', 'Terminal']","[{'Attack': 0.0, 'Defense': 0.9, 'Neutral': 0.1, 'Terminal': 0.0}, {'Attack': 0.0, 'Defense': 0.0, 'Neutral': 0.0, 'Terminal': 1.0}]",0.0,0.5,0.0,0.5,2,1,2.1,0,1,0,1,0,0,0,0,0,Defense,1,0.5211,Defensive
26,26_5,128.08,135.0,"Lift, Short Defence, Drop, Lift, Fall",1.0,"['Lift', 'Short Defence', 'Drop', 'Lift', 'Fall']","['Defense', 'Defense', 'Neutral', 'Defense', 'Terminal']","[{'Attack': 0.0, 'Defense': 0.85, 'Neutral': 0.15, 'Terminal': 0.0}, {'Attack': 0.0, 'Defense': 0.9, 'Neutral': 0.1, 'Terminal': 0.0}, {'Attack': 0.2, 'Defense': 0.1, 'Neutral': 0.7, 'Terminal': 0.0}, {'Attack': 0.0, 'Defense': 0.85, 'Neutral': 0.15, 'Terminal': 0.0}, {'Attack': 0.0, 'Defense': 0.0, 'Neutral': 0.0, 'Terminal': 1.0}]",0.0,0.6,0.2,0.2,5,4,6.92,0,3,1,1,0,0,0,0,0,Defense,2,0.5014,Balanced
26,26_6,147.9,152.84,"Backhand Serve, Net Shot, Lift, Fall",1.0,"['Backhand Serve', 'Net Shot', 'Lift', 'Fall']","['Neutral', 'Neutral', 'Defense', 'Terminal']","[{'Attack': 0.1, 'Defense': 0.0, 'Neutral': 0.9, 'Terminal': 0.0}, {'Attack': 0.15, 'Defense': 0.05, 'Neutral': 0.8, 'Terminal': 0.0}, {'Attack': 0.0, 'Defense': 0.85, 'Neutral': 0.15, 'Terminal': 0.0}, {'Attack': 0.0, 'Defense': 0.0, 'Neutral': 0.0, 'Terminal': 1.0}]",0.0,0.25,0.5,0.25,4,3,4.94,0,1,2,1,0,0,0,0,0,Neutral,1,0.5103,Defensive
26,26_7,160.24,167.84,"Drive, Drive, Lift, Long Defence, Fall",1.0,"['Drive', 'Drive', 'Lift', 'Long Defence', 'Fall']","['Attack', 'Attack', 'Defense', 'Defense', 'Terminal']","[{'Attack': 0.65, 'Defense': 0.1, 'Neutral': 0.25, 'Terminal': 0.0}, {'Attack': 0.65, 'Defense': 0.1, 'Neutral': 0.25, 'Terminal': 0.0}, {'Attack': 0.0, 'Defense': 0.85, 'Neutral': 0.15, 'Terminal': 0.0}, {'Attack': 0.0, 'Defense': 0.9, 'Neutral': 0.1, 'Terminal': 0.0}, {'Attack': 0.0, 'Defense': 0.0, 'Neutral': 0.0, 'Terminal': 1.0}]",0.4,0.4,0.0,0.2,5,4,7.6,2,2,0,1,2,0,0,1,0,Attack,1,0.5026,Defensive
26,26_8,177.26,222.36,"Backhand Serve, Lift, Short Defence, Smash, Smash, Lift, Drive, Short Defence, Smash, Net Shot, Smash, Short Defence, Short Defence, Drive, Lift, Fall",1.0,"['Backhand Serve', 'Lift', 'Short Defence', 'Smash', 'Smash', 'Lift', 'Drive', 'Short Defence', 'Smash', 'Net Shot', 'Smash', 'Short Defence', 'Short Defence', 'Drive', 'Lift', 'Fall']","['Neutral', 'Defense', 'Defense', 'Attack', 'Attack', 'Defense', 'Attack', 'Defense', 'Attack', 'Neutral', 'Attack', 'Defense', 'Defense', 'Attack', 'Defense', 'Terminal']","[{'Attack': 0.1, 'Defense': 0.0, 'Neutral': 0.9, 'Terminal': 0.0}, {'Attack': 0.0, 'Defense': 0.85, 'Neutral': 0.15, 'Terminal': 0.0}, {'Attack': 0.0, 'Defense': 0.9, 'Neutral': 0.1, 'Terminal': 0.0}, {'Attack': 0.9, 'Defense': 0.0, 'Neutral': 0.1, 'Terminal': 0.0}, {'Attack': 0.9, 'Defense': 0.0, 'Neutral': 0.1, 'Terminal': 0.0}, {'Attack': 0.0, 'Defense': 0.85, 'Neutral': 0.15, 'Terminal': 0.0}, {'Attack': 0.65, 'Defense': 0.1, 'Neutral': 0.25, 'Terminal': 0.0}, {'Attack': 0.0, 'Defense': 0.9, 'Neutral': 0.1, 'Terminal': 0.0}, {'Attack': 0.9, 'Defense': 0.0, 'Neutral': 0.1, 'Terminal': 0.0}, {'Attack': 0.15, 'Defense': 0.05, 'Neutral': 0.8, 'Terminal': 0.0}, {'Attack': 0.9, 'Defense': 0.0, 'Neutral': 0.1, 'Terminal': 0.0}, {'Attack': 0.0, 'Defense': 0.9, 'Neutral': 0.1, 'Terminal': 0.0}, {'Attack': 0.0, 'Defense': 0.9, 'Neutral': 0.1, 'Terminal': 0.0}, {'Attack': 0.65, 'Defense': 0.1, 'Neutral': 0.25, 'Terminal': 0.0}, {'Attack': 0.0, 'Defense': 0.85, 'Neutral': 0.15, 'Terminal': 0.0}, {'Attack': 0.0, 'Defense': 0.0, 'Neutral': 0.0, 'Terminal': 1.0}]",0.375,0.4375,0.125,0.0625,16,15,45.1,6,7,2,1,2,4,1,0,0,Defense,2,0.5063,Balanced
27,27_1,12.1,14.32,"Clear, Net",1.0,"['Clear', 'Net']","['Defense', 'Neutral']","[{'Attack': 0.05, 'Defense': 0.75, 'Neutral': 0.2, 'Terminal': 0.0}, {'Attack': 0.15, 'Defense': 0.05, 'Neutral': 0.8, 'Terminal': 0.0}]",0.0,0.5,0.5,0.0,2,2,2.22,0,1,1,0,0,0,0,0,0,Defense,1,0.5185,Defensive
27,27_2,22.5,33.94,"Clear, Drive, Drive, Short Defence, Clear, Lift, Fall",1.0,"['Clear', 'Drive', 'Drive', 'Short Defence', 'Clear', 'Lift', 'Fall']","['Defense', 'Attack', 'Attack', 'Defense', 'Defense', 'Defense', 'Terminal']","[{'Attack': 0.05, 'Defense': 0.75, 'Neutral': 0.2, 'Terminal': 0.0}, {'Attack': 0.65, 'Defense': 0.1, 'Neutral': 0.25, 'Terminal': 0.0}, {'Attack': 0.65, 'Defense': 0.1, 'Neutral': 0.25, 'Terminal': 0.0}, {'Attack': 0.0, 'Defense': 0.9, 'Neutral': 0.1, 'Terminal': 0.0}, {'Attack': 0.05, 'Defense': 0.75, 'Neutral': 0.2, 'Terminal': 0.0}, {'Attack': 0.0, 'Defense': 0.85, 'Neutral': 0.15, 'Terminal': 0.0}, {'Attack': 0.0, 'Defense': 0.0, 'Neutral': 0.0, 'Terminal': 1.0}]",0.2857,0.5714,0.0,0.1429,7,6,11.44,2,4,0,1,2,1,0,1,0,Defense,1,0.5117,Defensive
27,27_3,66.12,74.06,"Lift, Drop, Drop, Clear, Fall",1.0,"['Lift', 'Drop', 'Drop', 'Clear', 'Fall']","['Defense', 'Neutral', 'Neutral', 'Defense', 'Terminal']","[{'Attack': 0.0, 'Defense': 0.85, 'Neutral': 0.15, 'Terminal': 0.0}, {'Attack': 0.2, 'Defense': 0.1, 'Neutral': 0.7, 'Terminal': 0.0}, {'Attack': 0.2, 'Defense': 0.1, 'Neutral': 0.7, 'Terminal': 0.0}, {'Attack': 0.05, 'Defense': 0.75, 'Neutral': 0.2, 'Terminal': 0.0}, {'Attack': 0.0, 'Defense': 0.0, 'Neutral': 0.0, 'Terminal': 1.0}]",0.0,0.4,0.4,0.2,5,4,7.94,0,2,2,1,0,0,0,0,0,Defense,2,0.4998,Balanced
27,27_4,87.34,88.98,"Clear, Fall",1.0,"['Clear', 'Fall']","['Defense', 'Terminal']","[{'Attack': 0.05, 'Defense': 0.75, 'Neutral': 0.2, 'Terminal': 0.0}, {'Attack': 0.0, 'Defense': 0.0, 'Neutral': 0.0, 'Terminal': 1.0}]",0.0,0.5,0.0,0.5,2,1,1.64,0,1,0,1,0,0,0,0,0,Defense,1,0.5215,Defensive
27,27_5,94.94,117.02,"Long Defence, Long Defence, Drive, Net Shot, Lift, Lift, Lift, Smash, Out",0.0,"['Long Defence', 'Long Defence', 'Drive', 'Net Shot', 'Lift', 'Lift', 'Lift', 'Smash', 'Out']","['Defense', 'Defense', 'Attack', 'Neutral', 'Defense', 'Defense', 'Defense', 'Attack', 'Terminal']","[{'Attack': 0.0, 'Defense': 0.9, 'Neutral': 0.1, 'Terminal': 0.0}, {'Attack': 0.0, 'Defense': 0.9, 'Neutral': 0.1, 'Terminal': 0.0}, {'Attack': 0.65, 'Defense': 0.1, 'Neutral': 0.25, 'Terminal': 0.0}, {'Attack': 0.15, 'Defense': 0.05, 'Neutral': 0.8, 'Terminal': 0.0}, {'Attack': 0.0, 'Defense': 0.85, 'Neutral': 0.15, 'Terminal': 0.0}, {'Attack': 0.0, 'Defense': 0.85, 'Neutral': 0.15, 'Terminal': 0.0}, {'Attack': 0.0, 'Defense': 0.85, 'Neutral': 0.15, 'Terminal': 0.0}, {'Attack': 0.9, 'Defense': 0.0, 'Neutral': 0.1, 'Terminal': 0.0}, {'Attack': 0.0, 'Defense': 0.0, 'Neutral': 0.0, 'Terminal': 1.0}]",0.2222,0.5556,0.1111,0.1111,9,8,22.08,2,5,1,1,1,2,0,1,1,Defense,1,0.5064,Defensive
27,27_6,121.52,152.84,"Lift, Lift, Smash, Net Shot, Smash, Net Kill, Net Kill, Serve, Smash, Lift, Serve, Clear, Drive, Miss",1.0,"['Lift', 'Lift', 'Smash', 'Net Shot', 'Smash', 'Net Kill', 'Net Kill', 'Serve', 'Smash', 'Lift', 'Serve', 'Clear', 'Drive', 'Miss']","['Defense', 'Defense', 'Attack', 'Neutral', 'Attack', 'Attack', 'Attack', 'Neutral', 'Attack', 'Defense', 'Neutral', 'Defense', 'Attack', 'Terminal']","[{'Attack': 0.0, 'Defense': 0.85, 'Neutral': 0.15, 'Terminal': 0.0}, {'Attack': 0.0, 'Defense': 0.85, 'Neutral': 0.15, 'Terminal': 0.0}, {'Attack': 0.9, 'Defense': 0.0, 'Neutral': 0.1, 'Terminal': 0.0}, {'Attack': 0.15, 'Defense': 0.05, 'Neutral': 0.8, 'Terminal': 0.0}, {'Attack': 0.9, 'Defense': 0.0, 'Neutral': 0.1, 'Terminal': 0.0}, {'Attack': 0.95, 'Defense': 0.0, 'Neutral': 0.05, 'Terminal': 0.0}, {'Attack': 0.95, 'Defense': 0.0, 'Neutral': 0.05, 'Terminal': 0.0}, {'Attack': 0.15, 'Defense': 0.0, 'Neutral': 0.85, 'Terminal': 0.0}, {'Attack': 0.9, 'Defense': 0.0, 'Neutral': 0.1, 'Terminal': 0.0}, {'Attack': 0.0, 'Defense': 0.85, 'Neutral': 0.15, 'Terminal': 0.0}, {'Attack': 0.15, 'Defense': 0.0, 'Neutral': 0.85, 'Terminal': 0.0}, {'Attack': 0.05, 'Defense': 0.75, 'Neutral': 0.2, 'Terminal': 0.0}, {'Attack': 0.65, 'Defense': 0.1, 'Neutral': 0.25, 'Terminal': 0.0}, {'Attack': 0.0, 'Defense': 0.0, 'Neutral': 0.0, 'Terminal': 1.0}]",0.4286,0.2857,0.2143,0.0714,14,13,31.32,6,4,3,1,3,2,2,1,1,Attack,2,0.501,Balanced
27,27_7,159.18,205.0,"Long Defence, Lift, Drive, Net Shot, Smash, Net Shot, Clear, Net Shot, Lift, Short Defence, Lift, Long Defence, Smash, Fall",1.0,"['Long Defence', 'Lift', 'Drive', 'Net Shot', 'Smash', 'Net Shot', 'Clear', 'Net Shot', 'Lift', 'Short Defence', 'Lift', 'Long Defence', 'Smash', 'Fall']","['Defense', 'Defense', 'Attack', 'Neutral', 'Attack', 'Neutral', 'Defense', 'Neutral', 'Defense', 'Defense', 'Defense', 'Defense', 'Attack', 'Terminal']","[{'Attack': 0.0, 'Defense': 0.9, 'Neutral': 0.1, 'Terminal': 0.0}, {'Attack': 0.0, 'Defense': 0.85, 'Neutral': 0.15, 'Terminal': 0.0}, {'Attack': 0.65, 'Defense': 0.1, 'Neutral': 0.25, 'Terminal': 0.0}, {'Attack': 0.15, 'Defense': 0.05, 'Neutral': 0.8, 'Terminal': 0.0}, {'Attack': 0.9, 'Defense': 0.0, 'Neutral': 0.1, 'Terminal': 0.0}, {'Attack': 0.15, 'Defense': 0.05, 'Neutral': 0.8, 'Terminal': 0.0}, {'Attack': 0.05, 'Defense': 0.75, 'Neutral': 0.2, 'Terminal': 0.0}, {'Attack': 0.15, 'Defense': 0.05, 'Neutral': 0.8, 'Terminal': 0.0}, {'Attack': 0.0, 'Defense': 0.85, 'Neutral': 0.15, 'Terminal': 0.0}, {'Attack': 0.0, 'Defense': 0.9, 'Neutral': 0.1, 'Terminal': 0.0}, {'Attack': 0.0, 'Defense': 0.85, 'Neutral': 0.15, 'Terminal': 0.0}, {'Attack': 0.0, 'Defense': 0.9, 'Neutral': 0.1, 'Terminal': 0.0}, {'Attack': 0.9, 'Defense': 0.0, 'Neutral': 0.1, 'Terminal': 0.0}, {'Attack': 0.0, 'Defense': 0.0, 'Neutral': 0.0, 'Terminal': 1.0}]",0.2143,0.5,0.2143,0.0714,14,13,45.82,3,7,3,1,1,2,1,1,1,Defense,1,0.5096,Defensive
27,27_8,216.6,231.08,"Lift, Drive, Lift, Lift, Drive, Lift, Drive, Clear, Fall",1.0,"['Lift', 'Drive', 'Lift', 'Lift', 'Drive', 'Lift', 'Drive', 'Clear', 'Fall']","['Defense', 'Attack', 'Defense', 'Defense', 'Attack', 'Defense', 'Attack', 'Defense', 'Terminal']","[{'Attack': 0.0, 'Defense': 0.85, 'Neutral': 0.15, 'Terminal': 0.0}, {'Attack': 0.65, 'Defense': 0.1, 'Neutral': 0.25, 'Terminal': 0.0}, {'Attack': 0.0, 'Defense': 0.85, 'Neutral': 0.15, 'Terminal': 0.0}, {'Attack': 0.0, 'Defense': 0.85, 'Neutral': 0.15, 'Terminal': 0.0}, {'Attack': 0.65, 'Defense': 0.1, 'Neutral': 0.25, 'Terminal': 0.0}, {'Attack': 0.0, 'Defense': 0.85, 'Neutral': 0.15, 'Terminal': 0.0}, {'Attack': 0.65, 'Defense': 0.1, 'Neutral': 0.25, 'Terminal': 0.0}, {'Attack': 0.05, 'Defense': 0.75, 'Neutral': 0.2, 'Terminal': 0.0}, {'Attack': 0.0, 'Defense': 0.0, 'Neutral': 0.0, 'Terminal': 1.0}]",0.3333,0.5556,0.0,0.1111,9,8,14.48,3,5,0,1,1,3,0,1,0,Defense,2,0.4992,Balanced
27,27_9,252.12,295.34,"Net Shot, Lift, Long Defence, Lift, Lift, Lift, Lift, Long Defence, Smash, Net Shot, Clear, Net Shot, Smash, Lift, Net",1.0,"['Net Shot', 'Lift', 'Long Defence', 'Lift', 'Lift', 'Lift', 'Lift', 'Long Defence', 'Smash', 'Net Shot', 'Clear', 'Net Shot', 'Smash', 'Lift', 'Net']","['Neutral', 'Defense', 'Defense', 'Defense', 'Defense', 'Defense', 'Defense', 'Defense', 'Attack', 'Neutral', 'Defense', 'Neutral', 'Attack', 'Defense', 'Neutral']","[{'Attack': 0.15, 'Defense': 0.05, 'Neutral': 0.8, 'Terminal': 0.0}, {'Attack': 0.0, 'Defense': 0.85, 'Neutral': 0.15, 'Terminal': 0.0}, {'Attack': 0.0, 'Defense': 0.9, 'Neutral': 0.1, 'Terminal': 0.0}, {'Attack': 0.0, 'Defense': 0.85, 'Neutral': 0.15, 'Terminal': 0.0}, {'Attack': 0.0, 'Defense': 0.85, 'Neutral': 0.15, 'Terminal': 0.0}, {'Attack': 0.0, 'Defense': 0.85, 'Neutral': 0.15, 'Terminal': 0.0}, {'Attack': 0.0, 'Defense': 0.85, 'Neutral': 0.15, 'Terminal': 0.0}, {'Attack': 0.0, 'Defense': 0.9, 'Neutral': 0.1, 'Terminal': 0.0}, {'Attack': 0.9, 'Defense': 0.0, 'Neutral': 0.1, 'Terminal': 0.0}, {'Attack': 0.15, 'Defense': 0.05, 'Neutral': 0.8, 'Terminal': 0.0}, {'Attack': 0.05, 'Defense': 0.75, 'Neutral': 0.2, 'Terminal': 0.0}, {'Attack': 0.15, 'Defense': 0.05, 'Neutral': 0.8, 'Terminal': 0.0}, {'Attack': 0.9, 'Defense': 0.0, 'Neutral': 0.1, 'Terminal': 0.0}, {'Attack': 0.0, 'Defense': 0.85, 'Neutral': 0.15, 'Terminal': 0.0}, {'Attack': 0.15, 'Defense': 0.05, 'Neutral': 0.8, 'Terminal': 0.0}]",0.1333,0.6,0.2667,0.0,15,15,43.22,2,9,4,0,1,1,1,0,0,Defense,2,0.5042,Balanced
27,27_10,301.76,355.92,"Lift, Smash, Net Shot, Smash, Long Defence, Smash, Net Kill, Lift, Drop, Drop, Clear, Short Defence, Drive, Fall",0.0,"['Lift', 'Smash', 'Net Shot', 'Smash', 'Long Defence', 'Smash', 'Net Kill', 'Lift', 'Drop', 'Drop', 'Clear', 'Short Defence', 'Drive', 'Fall']","['Defense', 'Attack', 'Neutral', 'Attack', 'Defense', 'Attack', 'Attack', 'Defense', 'Neutral', 'Neutral', 'Defense', 'Defense', 'Attack', 'Terminal']","[{'Attack': 0.0, 'Defense': 0.85, 'Neutral': 0.15, 'Terminal': 0.0}, {'Attack': 0.9, 'Defense': 0.0, 'Neutral': 0.1, 'Terminal': 0.0}, {'Attack': 0.15, 'Defense': 0.05, 'Neutral': 0.8, 'Terminal': 0.0}, {'Attack': 0.9, 'Defense': 0.0, 'Neutral': 0.1, 'Terminal': 0.0}, {'Attack': 0.0, 'Defense': 0.9, 'Neutral': 0.1, 'Terminal': 0.0}, {'Attack': 0.9, 'Defense': 0.0, 'Neutral': 0.1, 'Terminal': 0.0}, {'Attack': 0.95, 'Defense': 0.0, 'Neutral': 0.05, 'Terminal': 0.0}, {'Attack': 0.0, 'Defense': 0.85, 'Neutral': 0.15, 'Terminal': 0.0}, {'Attack': 0.2, 'Defense': 0.1, 'Neutral': 0.7, 'Terminal': 0.0}, {'Attack': 0.2, 'Defense': 0.1, 'Neutral': 0.7, 'Terminal': 0.0}, {'Attack': 0.05, 'Defense': 0.75, 'Neutral': 0.2, 'Terminal': 0.0}, {'Attack': 0.0, 'Defense': 0.9, 'Neutral': 0.1, 'Terminal': 0.0}, {'Attack': 0.65, 'Defense': 0.1, 'Neutral': 0.25, 'Terminal': 0.0}, {'Attack': 0.0, 'Defense': 0.0, 'Neutral': 0.0, 'Terminal': 1.0}]",0.3571,0.3571,0.2143,0.0714,14,13,54.16,5,5,3,1,2,3,1,1,1,Attack,2,0.5035,Balanced
27,27_11,362.02,375.78,"Smash, Drive, Long Defence, Clear, Fall",0.0,"['Smash', 'Drive', 'Long Defence', 'Clear', 'Fall']","['Attack', 'Attack', 'Defense', 'Defense', 'Terminal']","[{'Attack': 0.9, 'Defense': 0.0, 'Neutral': 0.1, 'Terminal': 0.0}, {'Attack': 0.65, 'Defense': 0.1, 'Neutral': 0.25, 'Terminal': 0.0}, {'Attack': 0.0, 'Defense': 0.9, 'Neutral': 0.1, 'Terminal': 0.0}, {'Attack': 0.05, 'Defense': 0.75, 'Neutral': 0.2, 'Terminal': 0.0}, {'Attack': 0.0, 'Defense': 0.0, 'Neutral': 0.0, 'Terminal': 1.0}]",0.4,0.4,0.0,0.2,5,4,13.76,2,2,0,1,2,0,0,1,0,Attack,1,0.5113,Defensive
27,27_12,381.72,460.22,"Lift, Drive, Drive, Drive, Net Shot, Long Defence, Long Defence, Smash, Net Shot, Smash, Drive, Lift, Smash, Net Shot, Smash, Net Shot, Net Kill, Miss",0.0,"['Lift', 'Drive', 'Drive', 'Drive', 'Net Shot', 'Long Defence', 'Long Defence', 'Smash', 'Net Shot', 'Smash', 'Drive', 'Lift', 'Smash', 'Net Shot', 'Smash', 'Net Shot', 'Net Kill', 'Miss']","['Defense', 'Attack', 'Attack', 'Attack', 'Neutral', 'Defense', 'Defense', 'Attack', 'Neutral', 'Attack', 'Attack', 'Defense', 'Attack', 'Neutral', 'Attack', 'Neutral', 'Attack', 'Terminal']","[{'Attack': 0.0, 'Defense': 0.85, 'Neutral': 0.15, 'Terminal': 0.0}, {'Attack': 0.65, 'Defense': 0.1, 'Neutral': 0.25, 'Terminal': 0.0}, {'Attack': 0.65, 'Defense': 0.1, 'Neutral': 0.25, 'Terminal': 0.0}, {'Attack': 0.65, 'Defense': 0.1, 'Neutral': 0.25, 'Terminal': 0.0}, {'Attack': 0.15, 'Defense': 0.05, 'Neutral': 0.8, 'Terminal': 0.0}, {'Attack': 0.0, 'Defense': 0.9, 'Neutral': 0.1, 'Terminal': 0.0}, {'Attack': 0.0, 'Defense': 0.9, 'Neutral': 0.1, 'Terminal': 0.0}, {'Attack': 0.9, 'Defense': 0.0, 'Neutral': 0.1, 'Terminal': 0.0}, {'Attack': 0.15, 'Defense': 0.05, 'Neutral': 0.8, 'Terminal': 0.0}, {'Attack': 0.9, 'Defense': 0.0, 'Neutral': 0.1, 'Terminal': 0.0}, {'Attack': 0.65, 'Defense': 0.1, 'Neutral': 0.25, 'Terminal': 0.0}, {'Attack': 0.0, 'Defense': 0.85, 'Neutral': 0.15, 'Terminal': 0.0}, {'Attack': 0.9, 'Defense': 0.0, 'Neutral': 0.1, 'Terminal': 0.0}, {'Attack': 0.15, 'Defense': 0.05, 'Neutral': 0.8, 'Terminal': 0.0}, {'Attack': 0.9, 'Defense': 0.0, 'Neutral': 0.1, 'Terminal': 0.0}, {'Attack': 0.15, 'Defense': 0.05, 'Neutral': 0.8, 'Terminal': 0.0}, {'Attack': 0.95, 'Defense': 0.0, 'Neutral': 0.05, 'Terminal': 0.0}, {'Attack': 0.0, 'Defense': 0.0, 'Neutral': 0.0, 'Terminal': 1.0}]",0.5,0.2222,0.2222,0.0556,18,17,78.5,9,4,4,1,3,3,3,1,1,Attack,1,0.5049,Defensive
29,29_1,12.72,100.06,"Lift, Clear, Lift, Drive, Lift, Smash, Drive, Drive, Drive, Lift, Drive, Lift, Drop, Clear, Lift, Smash, Smash, Smash, Smash, Lift, Drive, Drive, Lift, Drop, Smash, Lift, Drive, Smash, Lift, Clear, Smash, Lift, Clear, Smash, Lift, Smash, Fall",0.0,"['Lift', 'Clear', 'Lift', 'Drive', 'Lift', 'Smash', 'Drive', 'Drive', 'Drive', 'Lift', 'Drive', 'Lift', 'Drop', 'Clear', 'Lift', 'Smash', 'Smash', 'Smash', 'Smash', 'Lift', 'Drive', 'Drive', 'Lift', 'Drop', 'Smash', 'Lift', 'Drive', 'Smash', 'Lift', 'Clear', 'Smash', 'Lift', 'Clear', 'Smash', 'Lift', 'Smash', 'Fall']","['Defense', 'Defense', 'Defense', 'Attack', 'Defense', 'Attack', 'Attack', 'Attack', 'Attack', 'Defense', 'Attack', 'Defense', 'Neutral', 'Defense', 'Defense', 'Attack', 'Attack', 'Attack', 'Attack', 'Defense', 'Attack', 'Attack', 'Defense', 'Neutral', 'Attack', 'Defense', 'Attack', 'Attack', 'Defense', 'Defense', 'Attack', 'Defense', 'Defense', 'Attack', 'Defense', 'Attack', 'Terminal']","[{'Attack': 0.0, 'Defense': 0.85, 'Neutral': 0.15, 'Terminal': 0.0}, {'Attack': 0.05, 'Defense': 0.75, 'Neutral': 0.2, 'Terminal': 0.0}, {'Attack': 0.0, 'Defense': 0.85, 'Neutral': 0.15, 'Terminal': 0.0}, {'Attack': 0.65, 'Defense': 0.1, 'Neutral': 0.25, 'Terminal': 0.0}, {'Attack': 0.0, 'Defense': 0.85, 'Neutral': 0.15, 'Terminal': 0.0}, {'Attack': 0.9, 'Defense': 0.0, 'Neutral': 0.1, 'Terminal': 0.0}, {'Attack': 0.65, 'Defense': 0.1, 'Neutral': 0.25, 'Terminal': 0.0}, {'Attack': 0.65, 'Defense': 0.1, 'Neutral': 0.25, 'Terminal': 0.0}, {'Attack': 0.65, 'Defense': 0.1, 'Neutral': 0.25, 'Terminal': 0.0}, {'Attack': 0.0, 'Defense': 0.85, 'Neutral': 0.15, 'Terminal': 0.0}, {'Attack': 0.65, 'Defense': 0.1, 'Neutral': 0.25, 'Terminal': 0.0}, {'Attack': 0.0, 'Defense': 0.85, 'Neutral': 0.15, 'Terminal': 0.0}, {'Attack': 0.2, 'Defense': 0.1, 'Neutral': 0.7, 'Terminal': 0.0}, {'Attack': 0.05, 'Defense': 0.75, 'Neutral': 0.2, 'Terminal': 0.0}, {'Attack': 0.0, 'Defense': 0.85, 'Neutral': 0.15, 'Terminal': 0.0}, {'Attack': 0.9, 'Defense': 0.0, 'Neutral': 0.1, 'Terminal': 0.0}, {'Attack': 0.9, 'Defense': 0.0, 'Neutral': 0.1, 'Terminal': 0.0}, {'Attack': 0.9, 'Defense': 0.0, 'Neutral': 0.1, 'Terminal': 0.0}, {'Attack': 0.9, 'Defense': 0.0, 'Neutral': 0.1, 'Terminal': 0.0}, {'Attack': 0.0, 'Defense': 0.85, 'Neutral': 0.15, 'Terminal': 0.0}, {'Attack': 0.65, 'Defense': 0.1, 'Neutral': 0.25, 'Terminal': 0.0}, {'Attack': 0.65, 'Defense': 0.1, 'Neutral': 0.25, 'Terminal': 0.0}, {'Attack': 0.0, 'Defense': 0.85, 'Neutral': 0.15, 'Terminal': 0.0}, {'Attack': 0.2, 'Defense': 0.1, 'Neutral': 0.7, 'Terminal': 0.0}, {'Attack': 0.9, 'Defense': 0.0, 'Neutral': 0.1, 'Terminal': 0.0}, {'Attack': 0.0, 'Defense': 0.85, 'Neutral': 0.15, 'Terminal': 0.0}, {'Attack': 0.65, 'Defense': 0.1, 'Neutral': 0.25, 'Terminal': 0.0}, {'Attack': 0.9, 'Defense': 0.0, 'Neutral': 0.1, 'Terminal': 0.0}, {'Attack': 0.0, 'Defense': 0.85, 'Neutral': 0.15, 'Terminal': 0.0}, {'Attack': 0.05, 'Defense': 0.75, 'Neutral': 0.2, 'Terminal': 0.0}, {'Attack': 0.9, 'Defense': 0.0, 'Neutral': 0.1, 'Terminal': 0.0}, {'Attack': 0.0, 'Defense': 0.85, 'Neutral': 0.15, 'Terminal': 0.0}, {'Attack': 0.05, 'Defense': 0.75, 'Neutral': 0.2, 'Terminal': 0.0}, {'Attack': 0.9, 'Defense': 0.0, 'Neutral': 0.1, 'Terminal': 0.0}, {'Attack': 0.0, 'Defense': 0.85, 'Neutral': 0.15, 'Terminal': 0.0}, {'Attack': 0.9, 'Defense': 0.0, 'Neutral': 0.1, 'Terminal': 0.0}, {'Attack': 0.0, 'Defense': 0.0, 'Neutral': 0.0, 'Terminal': 1.0}]",0.4865,0.4324,0.0541,0.027,37,36,87.34,18,16,2,1,4,9,1,0,1,Attack,0,0.5036,Aggressive
29,29_2,111.92,126.86,"Lift, Drive, Drive, Drop, Clear, Drive, Drop, Smash, Drive, Net",0.0,"['Lift', 'Drive', 'Drive', 'Drop', 'Clear', 'Drive', 'Drop', 'Smash', 'Drive', 'Net']","['Defense', 'Attack', 'Attack', 'Neutral', 'Defense', 'Attack', 'Neutral', 'Attack', 'Attack', 'Neutral']","[{'Attack': 0.0, 'Defense': 0.85, 'Neutral': 0.15, 'Terminal': 0.0}, {'Attack': 0.65, 'Defense': 0.1, 'Neutral': 0.25, 'Terminal': 0.0}, {'Attack': 0.65, 'Defense': 0.1, 'Neutral': 0.25, 'Terminal': 0.0}, {'Attack': 0.2, 'Defense': 0.1, 'Neutral': 0.7, 'Terminal': 0.0}, {'Attack': 0.05, 'Defense': 0.75, 'Neutral': 0.2, 'Terminal': 0.0}, {'Attack': 0.65, 'Defense': 0.1, 'Neutral': 0.25, 'Terminal': 0.0}, {'Attack': 0.2, 'Defense': 0.1, 'Neutral': 0.7, 'Terminal': 0.0}, {'Attack': 0.9, 'Defense': 0.0, 'Neutral': 0.1, 'Terminal': 0.0}, {'Attack': 0.65, 'Defense': 0.1, 'Neutral': 0.25, 'Terminal': 0.0}, {'Attack': 0.15, 'Defense': 0.05, 'Neutral': 0.8, 'Terminal': 0.0}]",0.5,0.2,0.3,0.0,10,10,14.94,5,2,3,0,2,2,1,1,0,Attack,2,0.4993,Balanced
29,29_3,132.08,145.96,"Smash, Lift, Clear, Fall",0.0,"['Smash', 'Lift', 'Clear', 'Fall']","['Attack', 'Defense', 'Defense', 'Terminal']","[{'Attack': 0.9, 'Defense': 0.0, 'Neutral': 0.1, 'Terminal': 0.0}, {'Attack': 0.0, 'Defense': 0.85, 'Neutral': 0.15, 'Terminal': 0.0}, {'Attack': 0.05, 'Defense': 0.75, 'Neutral': 0.2, 'Terminal': 0.0}, {'Attack': 0.0, 'Defense': 0.0, 'Neutral': 0.0, 'Terminal': 1.0}]",0.25,0.5,0.0,0.25,4,3,13.88,1,2,0,1,1,0,0,1,0,Defense,1,0.5048,Defensive
29,29_4,151.1,175.26,"Serve, Drop, Lift, Smash, Lift, Clear, Clear, Drive, Clear, Drive, Net",0.0,"['Serve', 'Drop', 'Lift', 'Smash', 'Lift', 'Clear', 'Clear', 'Drive', 'Clear', 'Drive', 'Net']","['Neutral', 'Neutral', 'Defense', 'Attack', 'Defense', 'Defense', 'Defense', 'Attack', 'Defense', 'Attack', 'Neutral']","[{'Attack': 0.15, 'Defense': 0.0, 'Neutral': 0.85, 'Terminal': 0.0}, {'Attack': 0.2, 'Defense': 0.1, 'Neutral': 0.7, 'Terminal': 0.0}, {'Attack': 0.0, 'Defense': 0.85, 'Neutral': 0.15, 'Terminal': 0.0}, {'Attack': 0.9, 'Defense': 0.0, 'Neutral': 0.1, 'Terminal': 0.0}, {'Attack': 0.0, 'Defense': 0.85, 'Neutral': 0.15, 'Terminal': 0.0}, {'Attack': 0.05, 'Defense': 0.75, 'Neutral': 0.2, 'Terminal': 0.0}, {'Attack': 0.05, 'Defense': 0.75, 'Neutral': 0.2, 'Terminal': 0.0}, {'Attack': 0.65, 'Defense': 0.1, 'Neutral': 0.25, 'Terminal': 0.0}, {'Attack': 0.05, 'Defense': 0.75, 'Neutral': 0.2, 'Terminal': 0.0}, {'Attack': 0.65, 'Defense': 0.1, 'Neutral': 0.25, 'Terminal': 0.0}, {'Attack': 0.15, 'Defense': 0.05, 'Neutral': 0.8, 'Terminal': 0.0}]",0.2727,0.4545,0.2727,0.0,11,11,24.16,3,5,3,0,1,3,0,0,0,Defense,2,0.5009,Balanced
85,85_1,10.64,30.22,"Serve, Lift, Lift, Clear, Serve, Drive, Net Kill, Clear, Lift, Fall",1.0,"['Serve', 'Lift', 'Lift', 'Clear', 'Serve', 'Drive', 'Net Kill', 'Clear', 'Lift', 'Fall']","['Neutral', 'Defense', 'Defense', 'Defense', 'Neutral', 'Attack', 'Attack', 'Defense', 'Defense', 'Terminal']","[{'Attack': 0.15, 'Defense': 0.0, 'Neutral': 0.85, 'Terminal': 0.0}, {'Attack': 0.0, 'Defense': 0.85, 'Neutral': 0.15, 'Terminal': 0.0}, {'Attack': 0.0, 'Defense': 0.85, 'Neutral': 0.15, 'Terminal': 0.0}, {'Attack': 0.05, 'Defense': 0.75, 'Neutral': 0.2, 'Terminal': 0.0}, {'Attack': 0.15, 'Defense': 0.0, 'Neutral': 0.85, 'Terminal': 0.0}, {'Attack': 0.65, 'Defense': 0.1, 'Neutral': 0.25, 'Terminal': 0.0}, {'Attack': 0.95, 'Defense': 0.0, 'Neutral': 0.05, 'Terminal': 0.0}, {'Attack': 0.05, 'Defense': 0.75, 'Neutral': 0.2, 'Terminal': 0.0}, {'Attack': 0.0, 'Defense': 0.85, 'Neutral': 0.15, 'Terminal': 0.0}, {'Attack': 0.0, 'Defense': 0.0, 'Neutral': 0.0, 'Terminal': 1.0}]",0.2,0.5,0.2,0.1,10,9,19.58,2,5,2,1,2,0,1,0,0,Defense,2,0.4992,Balanced
85,85_2,36.94,52.18,"Net Shot, Smash, Net Shot, Lift, Net Shot, Drop, Lift, Lift, Net",1.0,"['Net Shot', 'Smash', 'Net Shot', 'Lift', 'Net Shot', 'Drop', 'Lift', 'Lift', 'Net']","['Neutral', 'Attack', 'Neutral', 'Defense', 'Neutral', 'Neutral', 'Defense', 'Defense', 'Neutral']","[{'Attack': 0.15, 'Defense': 0.05, 'Neutral': 0.8, 'Terminal': 0.0}, {'Attack': 0.9, 'Defense': 0.0, 'Neutral': 0.1, 'Terminal': 0.0}, {'Attack': 0.15, 'Defense': 0.05, 'Neutral': 0.8, 'Terminal': 0.0}, {'Attack': 0.0, 'Defense': 0.85, 'Neutral': 0.15, 'Terminal': 0.0}, {'Attack': 0.15, 'Defense': 0.05, 'Neutral': 0.8, 'Terminal': 0.0}, {'Attack': 0.2, 'Defense': 0.1, 'Neutral': 0.7, 'Terminal': 0.0}, {'Attack': 0.0, 'Defense': 0.85, 'Neutral': 0.15, 'Terminal': 0.0}, {'Attack': 0.0, 'Defense': 0.85, 'Neutral': 0.15, 'Terminal': 0.0}, {'Attack': 0.15, 'Defense': 0.05, 'Neutral': 0.8, 'Terminal': 0.0}]",0.1111,0.3333,0.5556,0.0,9,9,15.24,1,3,5,0,1,0,1,1,0,Neutral,1,0.5042,Defensive
85,85_3,54.64,54.64,Out,1.0,['Out'],['Terminal'],"[{'Attack': 0.0, 'Defense': 0.0, 'Neutral': 0.0, 'Terminal': 1.0}]",0.0,0.0,0.0,1.0,1,0,0.0,0,0,0,1,0,0,0,0,0,Attack,1,0.5191,Defensive
85,85_4,59.76,68.2,"Lift, Serve, Lift, Fall",1.0,"['Lift', 'Serve', 'Lift', 'Fall']","['Defense', 'Neutral', 'Defense', 'Terminal']","[{'Attack': 0.0, 'Defense': 0.85, 'Neutral': 0.15, 'Terminal': 0.0}, {'Attack': 0.15, 'Defense': 0.0, 'Neutral': 0.85, 'Terminal': 0.0}, {'Attack': 0.0, 'Defense': 0.85, 'Neutral': 0.15, 'Terminal': 0.0}, {'Attack': 0.0, 'Defense': 0.0, 'Neutral': 0.0, 'Terminal': 1.0}]",0.0,0.5,0.25,0.25,4,3,8.44,0,2,1,1,0,0,0,0,0,Defense,2,0.4968,Balanced
85,85_5,74.04,90.08,"Lift, Net Shot, Smash, Lift, Long Defence, Long Defence, Net Shot, Clear, Long Defence, Net",1.0,"['Lift', 'Net Shot', 'Smash', 'Lift', 'Long Defence', 'Long Defence', 'Net Shot', 'Clear', 'Long Defence', 'Net']","['Defense', 'Neutral', 'Attack', 'Defense', 'Defense', 'Defense', 'Neutral', 'Defense', 'Defense', 'Neutral']","[{'Attack': 0.0, 'Defense': 0.85, 'Neutral': 0.15, 'Terminal': 0.0}, {'Attack': 0.15, 'Defense': 0.05, 'Neutral': 0.8, 'Terminal': 0.0}, {'Attack': 0.9, 'Defense': 0.0, 'Neutral': 0.1, 'Terminal': 0.0}, {'Attack': 0.0, 'Defense': 0.85, 'Neutral': 0.15, 'Terminal': 0.0}, {'Attack': 0.0, 'Defense': 0.9, 'Neutral': 0.1, 'Terminal': 0.0}, {'Attack': 0.0, 'Defense': 0.9, 'Neutral': 0.1, 'Terminal': 0.0}, {'Attack': 0.15, 'Defense': 0.05, 'Neutral': 0.8, 'Terminal': 0.0}, {'Attack': 0.05, 'Defense': 0.75, 'Neutral': 0.2, 'Terminal': 0.0}, {'Attack': 0.0, 'Defense': 0.9, 'Neutral': 0.1, 'Terminal': 0.0}, {'Attack': 0.15, 'Defense': 0.05, 'Neutral': 0.8, 'Terminal': 0.0}]",0.1,0.6,0.3,0.0,10,10,16.04,1,6,3,0,1,0,1,1,0,Defense,1,0.5104,Defensive
85,85_6,93.98,146.26,"Net Shot, Clear, Short Defence, Clear, Net Shot, Smash, Net Shot, Clear, Serve, Lift, Drive, Net Shot, Smash, Net Kill, Lift, Drive, Drive, Lift, Net Kill, Lift, Long Defence, Serve, Lift, Drive, Smash, Drive, Net",1.0,"['Net Shot', 'Clear', 'Short Defence', 'Clear', 'Net Shot', 'Smash', 'Net Shot', 'Clear', 'Serve', 'Lift', 'Drive', 'Net Shot', 'Smash', 'Net Kill', 'Lift', 'Drive', 'Drive', 'Lift', 'Net Kill', 'Lift', 'Long Defence', 'Serve', 'Lift', 'Drive', 'Smash', 'Drive', 'Net']","['Neutral', 'Defense', 'Defense', 'Defense', 'Neutral', 'Attack', 'Neutral', 'Defense', 'Neutral', 'Defense', 'Attack', 'Neutral', 'Attack', 'Attack', 'Defense', 'Attack', 'Attack', 'Defense', 'Attack', 'Defense', 'Defense', 'Neutral', 'Defense', 'Attack', 'Attack', 'Attack', 'Neutral']","[{'Attack': 0.15, 'Defense': 0.05, 'Neutral': 0.8, 'Terminal': 0.0}, {'Attack': 0.05, 'Defense': 0.75, 'Neutral': 0.2, 'Terminal': 0.0}, {'Attack': 0.0, 'Defense': 0.9, 'Neutral': 0.1, 'Terminal': 0.0}, {'Attack': 0.05, 'Defense': 0.75, 'Neutral': 0.2, 'Terminal': 0.0}, {'Attack': 0.15, 'Defense': 0.05, 'Neutral': 0.8, 'Terminal': 0.0}, {'Attack': 0.9, 'Defense': 0.0, 'Neutral': 0.1, 'Terminal': 0.0}, {'Attack': 0.15, 'Defense': 0.05, 'Neutral': 0.8, 'Terminal': 0.0}, {'Attack': 0.05, 'Defense': 0.75, 'Neutral': 0.2, 'Terminal': 0.0}, {'Attack': 0.15, 'Defense': 0.0, 'Neutral': 0.85, 'Terminal': 0.0}, {'Attack': 0.0, 'Defense': 0.85, 'Neutral': 0.15, 'Terminal': 0.0}, {'Attack': 0.65, 'Defense': 0.1, 'Neutral': 0.25, 'Terminal': 0.0}, {'Attack': 0.15, 'Defense': 0.05, 'Neutral': 0.8, 'Terminal': 0.0}, {'Attack': 0.9, 'Defense': 0.0, 'Neutral': 0.1, 'Terminal': 0.0}, {'Attack': 0.95, 'Defense': 0.0, 'Neutral': 0.05, 'Terminal': 0.0}, {'Attack': 0.0, 'Defense': 0.85, 'Neutral': 0.15, 'Terminal': 0.0}, {'Attack': 0.65, 'Defense': 0.1, 'Neutral': 0.25, 'Terminal': 0.0}, {'Attack': 0.65, 'Defense': 0.1, 'Neutral': 0.25, 'Terminal': 0.0}, {'Attack': 0.0, 'Defense': 0.85, 'Neutral': 0.15, 'Terminal': 0.0}, {'Attack': 0.95, 'Defense': 0.0, 'Neutral': 0.05, 'Terminal': 0.0}, {'Attack': 0.0, 'Defense': 0.85, 'Neutral': 0.15, 'Terminal': 0.0}, {'Attack': 0.0, 'Defense': 0.9, 'Neutral': 0.1, 'Terminal': 0.0}, {'Attack': 0.15, 'Defense': 0.0, 'Neutral': 0.85, 'Terminal': 0.0}, {'Attack': 0.0, 'Defense': 0.85, 'Neutral': 0.15, 'Terminal': 0.0}, {'Attack': 0.65, 'Defense': 0.1, 'Neutral': 0.25, 'Terminal': 0.0}, {'Attack': 0.9, 'Defense': 0.0, 'Neutral': 0.1, 'Terminal': 0.0}, {'Attack': 0.65, 'Defense': 0.1, 'Neutral': 0.25, 'Terminal': 0.0}, {'Attack': 0.15, 'Defense': 0.05, 'Neutral': 0.8, 'Terminal': 0.0}]",0.3704,0.3704,0.2593,0.0,27,27,52.28,10,10,7,0,3,4,2,0,0,Attack,2,0.5058,Balanced
111,111_1,1.86,25.88,"Serve, Smash, Drop, Drive, Clear, Clear, Drive, Lift, Drop, Drive, Drive, Lift, Drop, Net",0.0,"['Serve', 'Smash', 'Drop', 'Drive', 'Clear', 'Clear', 'Drive', 'Lift', 'Drop', 'Drive', 'Drive', 'Lift', 'Drop', 'Net']","['Neutral', 'Attack', 'Neutral', 'Attack', 'Defense', 'Defense', 'Attack', 'Defense', 'Neutral', 'Attack', 'Attack', 'Defense', 'Neutral', 'Neutral']","[{'Attack': 0.15, 'Defense': 0.0, 'Neutral': 0.85, 'Terminal': 0.0}, {'Attack': 0.9, 'Defense': 0.0, 'Neutral': 0.1, 'Terminal': 0.0}, {'Attack': 0.2, 'Defense': 0.1, 'Neutral': 0.7, 'Terminal': 0.0}, {'Attack': 0.65, 'Defense': 0.1, 'Neutral': 0.25, 'Terminal': 0.0}, {'Attack': 0.05, 'Defense': 0.75, 'Neutral': 0.2, 'Terminal': 0.0}, {'Attack': 0.05, 'Defense': 0.75, 'Neutral': 0.2, 'Terminal': 0.0}, {'Attack': 0.65, 'Defense': 0.1, 'Neutral': 0.25, 'Terminal': 0.0}, {'Attack': 0.0, 'Defense': 0.85, 'Neutral': 0.15, 'Terminal': 0.0}, {'Attack': 0.2, 'Defense': 0.1, 'Neutral': 0.7, 'Terminal': 0.0}, {'Attack': 0.65, 'Defense': 0.1, 'Neutral': 0.25, 'Terminal': 0.0}, {'Attack': 0.65, 'Defense': 0.1, 'Neutral': 0.25, 'Terminal': 0.0}, {'Attack': 0.0, 'Defense': 0.85, 'Neutral': 0.15, 'Terminal': 0.0}, {'Attack': 0.2, 'Defense': 0.1, 'Neutral': 0.7, 'Terminal': 0.0}, {'Attack': 0.15, 'Defense': 0.05, 'Neutral': 0.8, 'Terminal': 0.0}]",0.3571,0.2857,0.3571,0.0,14,14,24.02,5,4,5,0,2,1,3,1,0,Attack,0,0.5001,Aggressive
111,111_2,30.62,49.56,"Serve, Drive, Lift, Drop, Drop, Drive, Drive, Clear, Serve, Net",0.0,"['Serve', 'Drive', 'Lift', 'Drop', 'Drop', 'Drive', 'Drive', 'Clear', 'Serve', 'Net']","['Neutral', 'Attack', 'Defense', 'Neutral', 'Neutral', 'Attack', 'Attack', 'Defense', 'Neutral', 'Neutral']","[{'Attack': 0.15, 'Defense': 0.0, 'Neutral': 0.85, 'Terminal': 0.0}, {'Attack': 0.65, 'Defense': 0.1, 'Neutral': 0.25, 'Terminal': 0.0}, {'Attack': 0.0, 'Defense': 0.85, 'Neutral': 0.15, 'Terminal': 0.0}, {'Attack': 0.2, 'Defense': 0.1, 'Neutral': 0.7, 'Terminal': 0.0}, {'Attack': 0.2, 'Defense': 0.1, 'Neutral': 0.7, 'Terminal': 0.0}, {'Attack': 0.65, 'Defense': 0.1, 'Neutral': 0.25, 'Terminal': 0.0}, {'Attack': 0.65, 'Defense': 0.1, 'Neutral': 0.25, 'Terminal': 0.0}, {'Attack': 0.05, 'Defense': 0.75, 'Neutral': 0.2, 'Terminal': 0.0}, {'Attack': 0.15, 'Defense': 0.0, 'Neutral': 0.85, 'Terminal': 0.0}, {'Attack': 0.15, 'Defense': 0.05, 'Neutral': 0.8, 'Terminal': 0.0}]",0.3,0.2,0.5,0.0,10,10,18.94,3,2,5,0,2,0,2,1,0,Neutral,2,0.4972,Balanced
111,111_3,53.18,80.24,"Serve, Clear, Drop, Clear, Serve, Smash, Clear, Lift, Drop, Drop, Lift, Lift, Miss",1.0,"['Serve', 'Clear', 'Drop', 'Clear', 'Serve', 'Smash', 'Clear', 'Lift', 'Drop', 'Drop', 'Lift', 'Lift', 'Miss']","['Neutral', 'Defense', 'Neutral', 'Defense', 'Neutral', 'Attack', 'Defense', 'Defense', 'Neutral', 'Neutral', 'Defense', 'Defense', 'Terminal']","[{'Attack': 0.15, 'Defense': 0.0, 'Neutral': 0.85, 'Terminal': 0.0}, {'Attack': 0.05, 'Defense': 0.75, 'Neutral': 0.2, 'Terminal': 0.0}, {'Attack': 0.2, 'Defense': 0.1, 'Neutral': 0.7, 'Terminal': 0.0}, {'Attack': 0.05, 'Defense': 0.75, 'Neutral': 0.2, 'Terminal': 0.0}, {'Attack': 0.15, 'Defense': 0.0, 'Neutral': 0.85, 'Terminal': 0.0}, {'Attack': 0.9, 'Defense': 0.0, 'Neutral': 0.1, 'Terminal': 0.0}, {'Attack': 0.05, 'Defense': 0.75, 'Neutral': 0.2, 'Terminal': 0.0}, {'Attack': 0.0, 'Defense': 0.85, 'Neutral': 0.15, 'Terminal': 0.0}, {'Attack': 0.2, 'Defense': 0.1, 'Neutral': 0.7, 'Terminal': 0.0}, {'Attack': 0.2, 'Defense': 0.1, 'Neutral': 0.7, 'Terminal': 0.0}, {'Attack': 0.0, 'Defense': 0.85, 'Neutral': 0.15, 'Terminal': 0.0}, {'Attack': 0.0, 'Defense': 0.85, 'Neutral': 0.15, 'Terminal': 0.0}, {'Attack': 0.0, 'Defense': 0.0, 'Neutral': 0.0, 'Terminal': 1.0}]",0.0769,0.4615,0.3846,0.0769,13,12,27.06,1,6,5,1,1,0,1,0,0,Defense,0,0.5003,Aggressive
111,111_5,99.84,107.12,"Lift, Clear, Drive, Fall",0.0,"['Lift', 'Clear', 'Drive', 'Fall']","['Defense', 'Defense', 'Attack', 'Terminal']","[{'Attack': 0.0, 'Defense': 0.85, 'Neutral': 0.15, 'Terminal': 0.0}, {'Attack': 0.05, 'Defense': 0.75, 'Neutral': 0.2, 'Terminal': 0.0}, {'Attack': 0.65, 'Defense': 0.1, 'Neutral': 0.25, 'Terminal': 0.0}, {'Attack': 0.0, 'Defense': 0.0, 'Neutral': 0.0, 'Terminal': 1.0}]",0.25,0.5,0.0,0.25,4,3,7.28,1,2,0,1,1,1,0,1,1,Defense,1,0.5051,Defensive
111,111_6,117.24,122.64,"Drop, Drop, Net",0.0,"['Drop', 'Drop', 'Net']","['Neutral', 'Neutral', 'Neutral']","[{'Attack': 0.2, 'Defense': 0.1, 'Neutral': 0.7, 'Terminal': 0.0}, {'Attack': 0.2, 'Defense': 0.1, 'Neutral': 0.7, 'Terminal': 0.0}, {'Attack': 0.15, 'Defense': 0.05, 'Neutral': 0.8, 'Terminal': 0.0}]",0.0,0.0,1.0,0.0,3,3,5.4,0,0,3,0,0,0,0,0,0,Neutral,2,0.4977,Balanced
111,111_7,128.32,148.82,"Serve, Clear, Drop, Lift, Clear, Lift, Lift, Smash, Lift, Drive, Lift, Fall",0.0,"['Serve', 'Clear', 'Drop', 'Lift', 'Clear', 'Lift', 'Lift', 'Smash', 'Lift', 'Drive', 'Lift', 'Fall']","['Neutral', 'Defense', 'Neutral', 'Defense', 'Defense', 'Defense', 'Defense', 'Attack', 'Defense', 'Attack', 'Defense', 'Terminal']","[{'Attack': 0.15, 'Defense': 0.0, 'Neutral': 0.85, 'Terminal': 0.0}, {'Attack': 0.05, 'Defense': 0.75, 'Neutral': 0.2, 'Terminal': 0.0}, {'Attack': 0.2, 'Defense': 0.1, 'Neutral': 0.7, 'Terminal': 0.0}, {'Attack': 0.0, 'Defense': 0.85, 'Neutral': 0.15, 'Terminal': 0.0}, {'Attack': 0.05, 'Defense': 0.75, 'Neutral': 0.2, 'Terminal': 0.0}, {'Attack': 0.0, 'Defense': 0.85, 'Neutral': 0.15, 'Terminal': 0.0}, {'Attack': 0.0, 'Defense': 0.85, 'Neutral': 0.15, 'Terminal': 0.0}, {'Attack': 0.9, 'Defense': 0.0, 'Neutral': 0.1, 'Terminal': 0.0}, {'Attack': 0.0, 'Defense': 0.85, 'Neutral': 0.15, 'Terminal': 0.0}, {'Attack': 0.65, 'Defense': 0.1, 'Neutral': 0.25, 'Terminal': 0.0}, {'Attack': 0.0, 'Defense': 0.85, 'Neutral': 0.15, 'Terminal': 0.0}, {'Attack': 0.0, 'Defense': 0.0, 'Neutral': 0.0, 'Terminal': 1.0}]",0.1667,0.5833,0.1667,0.0833,12,11,20.5,2,7,2,1,1,2,0,0,0,Defense,0,0.5006,Aggressive
111,111_8,157.66,202.68,"Clear, Smash, Clear, Smash, Serve, Lift, Drop, Drop, Drop, Clear, Drop, Serve, Drop, Lift, Smash, Serve, Clear, Drop, Net",0.0,"['Clear', 'Smash', 'Clear', 'Smash', 'Serve', 'Lift', 'Drop', 'Drop', 'Drop', 'Clear', 'Drop', 'Serve', 'Drop', 'Lift', 'Smash', 'Serve', 'Clear', 'Drop', 'Net']","['Defense', 'Attack', 'Defense', 'Attack', 'Neutral', 'Defense', 'Neutral', 'Neutral', 'Neutral', 'Defense', 'Neutral', 'Neutral', 'Neutral', 'Defense', 'Attack', 'Neutral', 'Defense', 'Neutral', 'Neutral']","[{'Attack': 0.05, 'Defense': 0.75, 'Neutral': 0.2, 'Terminal': 0.0}, {'Attack': 0.9, 'Defense': 0.0, 'Neutral': 0.1, 'Terminal': 0.0}, {'Attack': 0.05, 'Defense': 0.75, 'Neutral': 0.2, 'Terminal': 0.0}, {'Attack': 0.9, 'Defense': 0.0, 'Neutral': 0.1, 'Terminal': 0.0}, {'Attack': 0.15, 'Defense': 0.0, 'Neutral': 0.85, 'Terminal': 0.0}, {'Attack': 0.0, 'Defense': 0.85, 'Neutral': 0.15, 'Terminal': 0.0}, {'Attack': 0.2, 'Defense': 0.1, 'Neutral': 0.7, 'Terminal': 0.0}, {'Attack': 0.2, 'Defense': 0.1, 'Neutral': 0.7, 'Terminal': 0.0}, {'Attack': 0.2, 'Defense': 0.1, 'Neutral': 0.7, 'Terminal': 0.0}, {'Attack': 0.05, 'Defense': 0.75, 'Neutral': 0.2, 'Terminal': 0.0}, {'Attack': 0.2, 'Defense': 0.1, 'Neutral': 0.7, 'Terminal': 0.0}, {'Attack': 0.15, 'Defense': 0.0, 'Neutral': 0.85, 'Terminal': 0.0}, {'Attack': 0.2, 'Defense': 0.1, 'Neutral': 0.7, 'Terminal': 0.0}, {'Attack': 0.0, 'Defense': 0.85, 'Neutral': 0.15, 'Terminal': 0.0}, {'Attack': 0.9, 'Defense': 0.0, 'Neutral': 0.1, 'Terminal': 0.0}, {'Attack': 0.15, 'Defense': 0.0, 'Neutral': 0.85, 'Terminal': 0.0}, {'Attack': 0.05, 'Defense': 0.75, 'Neutral': 0.2, 'Terminal': 0.0}, {'Attack': 0.2, 'Defense': 0.1, 'Neutral': 0.7, 'Terminal': 0.0}, {'Attack': 0.15, 'Defense': 0.05, 'Neutral': 0.8, 'Terminal': 0.0}]",0.1579,0.3158,0.5263,0.0,19,19,45.02,3,6,10,0,1,3,0,1,0,Neutral,0,0.5018,Aggressive
111,111_9,213.0,220.66,"Drive, Drop, Lift, Smash, Out",0.0,"['Drive', 'Drop', 'Lift', 'Smash', 'Out']","['Attack', 'Neutral', 'Defense', 'Attack', 'Terminal']","[{'Attack': 0.65, 'Defense': 0.1, 'Neutral': 0.25, 'Terminal': 0.0}, {'Attack': 0.2, 'Defense': 0.1, 'Neutral': 0.7, 'Terminal': 0.0}, {'Attack': 0.0, 'Defense': 0.85, 'Neutral': 0.15, 'Terminal': 0.0}, {'Attack': 0.9, 'Defense': 0.0, 'Neutral': 0.1, 'Terminal': 0.0}, {'Attack': 0.0, 'Defense': 0.0, 'Neutral': 0.0, 'Terminal': 1.0}]",0.4,0.2,0.2,0.2,5,4,7.66,2,1,1,1,1,1,0,1,1,Attack,2,0.499,Balanced
111,111_10,225.0,253.3,"Drop, Drop, Drop, Serve, Lift, Drop, Clear, Drop, Lift, Lift, Drop, Clear, Fall",0.0,"['Drop', 'Drop', 'Drop', 'Serve', 'Lift', 'Drop', 'Clear', 'Drop', 'Lift', 'Lift', 'Drop', 'Clear', 'Fall']","['Neutral', 'Neutral', 'Neutral', 'Neutral', 'Defense', 'Neutral', 'Defense', 'Neutral', 'Defense', 'Defense', 'Neutral', 'Defense', 'Terminal']","[{'Attack': 0.2, 'Defense': 0.1, 'Neutral': 0.7, 'Terminal': 0.0}, {'Attack': 0.2, 'Defense': 0.1, 'Neutral': 0.7, 'Terminal': 0.0}, {'Attack': 0.2, 'Defense': 0.1, 'Neutral': 0.7, 'Terminal': 0.0}, {'Attack': 0.15, 'Defense': 0.0, 'Neutral': 0.85, 'Terminal': 0.0}, {'Attack': 0.0, 'Defense': 0.85, 'Neutral': 0.15, 'Terminal': 0.0}, {'Attack': 0.2, 'Defense': 0.1, 'Neutral': 0.7, 'Terminal': 0.0}, {'Attack': 0.05, 'Defense': 0.75, 'Neutral': 0.2, 'Terminal': 0.0}, {'Attack': 0.2, 'Defense': 0.1, 'Neutral': 0.7, 'Terminal': 0.0}, {'Attack': 0.0, 'Defense': 0.85, 'Neutral': 0.15, 'Terminal': 0.0}, {'Attack': 0.0, 'Defense': 0.85, 'Neutral': 0.15, 'Terminal': 0.0}, {'Attack': 0.2, 'Defense': 0.1, 'Neutral': 0.7, 'Terminal': 0.0}, {'Attack': 0.05, 'Defense': 0.75, 'Neutral': 0.2, 'Terminal': 0.0}, {'Attack': 0.0, 'Defense': 0.0, 'Neutral': 0.0, 'Terminal': 1.0}]",0.0,0.3846,0.5385,0.0769,13,12,28.3,0,5,7,1,0,0,0,0,0,Neutral,0,0.5013,Aggressive
