pattern_size,pattern,count,rally_count,wins,losses,win_rate,rally_support_pct,delta_vs_baseline
2,Lift -> Long Defence,6,5,6,0,1.0,0.082,0.459
2,Net Shot -> Clear,5,4,5,0,1.0,0.0656,0.459
3,Drop -> Drive -> Drop,5,4,5,0,1.0,0.0656,0.459
2,Drop -> Fall,3,3,3,0,1.0,0.0492,0.459
2,Lift -> Short Defence,3,3,3,0,1.0,0.0492,0.459
2,Clear -> Net Shot,3,3,3,0,1.0,0.0492,0.459
3,Clear -> Drop -> Drop,3,3,3,0,1.0,0.0492,0.459
3,Lift -> Clear -> Drop,3,2,3,0,1.0,0.0328,0.459
3,Smash -> Net Shot -> Clear,3,3,3,0,1.0,0.0492,0.459
3,Lift -> Drop -> Drive,7,5,6,1,0.8571,0.082,0.3162
2,Lift -> Fall,11,11,9,2,0.8182,0.1803,0.2772
2,Net Shot -> Lift,5,5,4,1,0.8,0.082,0.259
3,Drop -> Lift -> Drive,5,3,4,1,0.8,0.0492,0.259
3,Drop -> Drop -> Lift,13,8,10,3,0.7692,0.1311,0.2282
3,Drop -> Lift -> Drop,24,10,18,6,0.75,0.1639,0.209
2,Clear -> Serve,4,4,3,1,0.75,0.0656,0.209
3,Drive -> Drop -> Clear,4,4,3,1,0.75,0.0656,0.209
3,Drop -> Clear -> Fall,4,4,3,1,0.75,0.0656,0.209
3,Net Shot -> Smash -> Net Shot,4,4,3,1,0.75,0.0656,0.209
2,Net Shot -> Smash,11,9,8,3,0.7273,0.1475,0.1863
3,Lift -> Drop -> Lift,21,10,15,6,0.7143,0.1639,0.1733
2,Lift -> Net,6,6,4,2,0.6667,0.0984,0.1257
3,Drop -> Drive -> Lift,6,6,4,2,0.6667,0.0984,0.1257
2,Smash -> Net Kill,3,3,2,1,0.6667,0.0492,0.1257
2,Serve -> Smash,3,3,2,1,0.6667,0.0492,0.1257
2,Net Kill -> Lift,3,2,2,1,0.6667,0.0328,0.1257
3,Clear -> Lift -> Fall,3,3,2,1,0.6667,0.0492,0.1257
3,Smash -> Smash -> Drop,3,3,2,1,0.6667,0.0492,0.1257
3,Drop -> Smash -> Drive,3,3,2,1,0.6667,0.0492,0.1257
3,Drop -> Clear -> Lift,3,3,2,1,0.6667,0.0492,0.1257
3,Serve -> Lift -> Drive,3,2,2,1,0.6667,0.0328,0.1257
3,Drive -> Lift -> Fall,3,3,2,1,0.6667,0.0492,0.1257
3,Drop -> Lift -> Lift,11,8,7,4,0.6364,0.1311,0.0954
2,Drop -> Drive,16,10,10,6,0.625,0.1639,0.084
2,Clear -> Fall,8,8,5,3,0.625,0.1311,0.084
3,Drive -> Drive -> Lift,8,6,5,3,0.625,0.0984,0.084
3,Drop -> Drop -> Clear,8,8,5,3,0.625,0.1311,0.084
2,Drop -> Lift,60,23,37,23,0.6167,0.377,0.0757
3,Lift -> Drop -> Drop,13,11,8,5,0.6154,0.1803,0.0744
2,Drop -> Drop,41,19,25,16,0.6098,0.3115,0.0688
2,Smash -> Net Shot,10,8,6,4,0.6,0.1311,0.059
2,Drive -> Smash,5,5,3,2,0.6,0.082,0.059
2,Serve -> Clear,5,5,3,2,0.6,0.082,0.059
3,Drive -> Lift -> Drive,5,5,3,2,0.6,0.082,0.059
3,Lift -> Drive -> Smash,5,5,3,2,0.6,0.082,0.059
3,Smash -> Drop -> Drop,5,5,3,2,0.6,0.082,0.059
3,Drop -> Lift -> Clear,5,4,3,2,0.6,0.0656,0.059
2,Clear -> Drop,21,14,12,9,0.5714,0.2295,0.0304
2,Lift -> Drop,60,25,34,26,0.5667,0.4098,0.0257
2,Lift -> Lift,24,16,13,11,0.5417,0.2623,0.0007
2,Drop -> Clear,26,20,14,12,0.5385,0.3279,-0.0025
3,Drop -> Clear -> Drop,13,11,7,6,0.5385,0.1803,-0.0025
3,Drop -> Drop -> Drop,13,6,7,6,0.5385,0.0984,-0.0025
2,Drive -> Drop,15,11,8,7,0.5333,0.1803,-0.0077
2,Lift -> Drive,29,15,15,14,0.5172,0.2459,-0.0237
2,Drive -> Lift,30,19,15,15,0.5,0.3115,-0.041
3,Clear -> Drop -> Lift,10,8,5,5,0.5,0.1311,-0.041
2,Smash -> Serve,6,4,3,3,0.5,0.0656,-0.041
3,Smash -> Lift -> Drop,6,5,3,3,0.5,0.082,-0.041
3,Lift -> Smash -> Lift,6,6,3,3,0.5,0.0984,-0.041
2,Serve -> Drive,4,4,2,2,0.5,0.0656,-0.041
2,Cross Drop -> Smash,4,3,2,2,0.5,0.0492,-0.041
2,Lift -> Cross Drop,4,3,2,2,0.5,0.0492,-0.041
2,Drive -> Net Shot,4,4,2,2,0.5,0.0656,-0.041
2,Long Defence -> Smash,4,4,2,2,0.5,0.0656,-0.041
3,Lift -> Drive -> Drop,4,4,2,2,0.5,0.0656,-0.041
3,Drive -> Lift -> Smash,4,3,2,2,0.5,0.0492,-0.041
3,Smash -> Serve -> Lift,4,4,2,2,0.5,0.0656,-0.041
3,Smash -> Drop -> Clear,4,3,2,2,0.5,0.0492,-0.041
3,Serve -> Clear -> Drop,4,4,2,2,0.5,0.0656,-0.041
3,Drop -> Smash -> Lift,4,4,2,2,0.5,0.0656,-0.041
3,Lift -> Lift -> Smash,4,4,2,2,0.5,0.0656,-0.041
2,Smash -> Lift,21,15,10,11,0.4762,0.2459,-0.0648
2,Drive -> Drive,17,11,8,9,0.4706,0.1803,-0.0704
2,Serve -> Lift,15,12,7,8,0.4667,0.1967,-0.0743
2,Clear -> Lift,11,10,5,6,0.4545,0.1639,-0.0864
3,Drive -> Lift -> Drop,9,7,4,5,0.4444,0.1148,-0.0965
3,Lift -> Drive -> Drive,7,6,3,4,0.4286,0.0984,-0.1124
3,Lift -> Drive -> Lift,7,5,3,4,0.4286,0.082,-0.1124
2,Smash -> Drop,22,9,9,13,0.4091,0.1475,-0.1319
3,Lift -> Lift -> Lift,5,3,2,3,0.4,0.0492,-0.141
3,Drive -> Drop -> Lift,5,5,2,3,0.4,0.082,-0.141
3,Lift -> Smash -> Smash,5,5,2,3,0.4,0.082,-0.141
3,Smash -> Net Shot -> Smash,5,4,2,3,0.4,0.0656,-0.141
2,Smash -> Smash,8,6,3,5,0.375,0.0984,-0.166
2,Smash -> Drive,8,8,3,5,0.375,0.1311,-0.166
3,Lift -> Lift -> Drop,8,5,3,5,0.375,0.082,-0.166
3,Lift -> Drop -> Smash,8,6,3,5,0.375,0.0984,-0.166
2,Lift -> Clear,17,12,6,11,0.3529,0.1967,-0.188
2,Drop -> Smash,20,9,7,13,0.35,0.1475,-0.191
2,Lift -> Smash,23,16,8,15,0.3478,0.2623,-0.1932
3,Drop -> Lift -> Smash,9,8,3,6,0.3333,0.1311,-0.2077
3,Smash -> Drop -> Lift,6,4,2,4,0.3333,0.0656,-0.2077
2,Lift -> Miss,3,3,1,2,0.3333,0.0492,-0.2077
2,Drop -> Serve,3,3,1,2,0.3333,0.0492,-0.2077
2,Smash -> Fall,3,3,1,2,0.3333,0.0492,-0.2077
2,Long Defence -> Long Defence,3,3,1,2,0.3333,0.0492,-0.2077
2,Drive -> Net,3,3,1,2,0.3333,0.0492,-0.2077
3,Drop -> Lift -> Net,3,3,1,2,0.3333,0.0492,-0.2077
3,Serve -> Drive -> Lift,3,3,1,2,0.3333,0.0492,-0.2077
3,Drive -> Drive -> Drive,3,3,1,2,0.3333,0.0492,-0.2077
3,Drop -> Drive -> Drive,3,3,1,2,0.3333,0.0492,-0.2077
3,Clear -> Lift -> Smash,3,3,1,2,0.3333,0.0492,-0.2077
3,Lift -> Smash -> Drop,3,2,1,2,0.3333,0.0328,-0.2077
3,Lift -> Smash -> Net Shot,3,3,1,2,0.3333,0.0492,-0.2077
2,Clear -> Smash,7,5,2,5,0.2857,0.082,-0.2553
3,Serve -> Lift -> Drop,7,7,2,5,0.2857,0.1148,-0.2553
3,Lift -> Clear -> Smash,4,3,1,3,0.25,0.0492,-0.291
3,Smash -> Lift -> Drive,4,3,1,3,0.25,0.0492,-0.291
2,Clear -> Drive,9,8,2,7,0.2222,0.1311,-0.3188
3,Drop -> Smash -> Drop,10,4,2,8,0.2,0.0656,-0.341
2,Drive -> Clear,5,5,1,4,0.2,0.082,-0.341
3,Smash -> Lift -> Clear,5,4,1,4,0.2,0.0656,-0.341
3,Lift -> Drop -> Clear,7,6,1,6,0.1429,0.0984,-0.3981
2,Drop -> Net,6,6,0,6,0.0,0.0984,-0.541
3,Lift -> Clear -> Lift,5,5,0,5,0.0,0.082,-0.541
2,Drive -> Fall,4,4,0,4,0.0,0.0656,-0.541
3,Drop -> Clear -> Drive,3,3,0,3,0.0,0.0492,-0.541
3,Lift -> Drop -> Net,3,3,0,3,0.0,0.0492,-0.541
3,Smash -> Drop -> Smash,3,2,0,3,0.0,0.0328,-0.541
